<?xml version="1.0" encoding="UTF-8" ?>
<odoo>
    <data noupdate="1">
        <!--        ===============General settings-->
        <record id="donation_management.general_settings" model="general_settings">
            <field name="name">General Settings</field>
            <field name="active" eval="True"/>
        </record>
        <!--        =================Donation Types-->
        <record id="donation_management.donation_type1" model="donation_type">
            <field name="name">Tax(Outright Cash)</field>
            <field name="receipt_prefix">T</field>
            <field name="receipt_suffix">CS</field>
            <field name="active" eval="True"/>
        </record>
        <record id="donation_management.donation_type2" model="donation_type">
            <field name="name">Tax(Special)</field>
            <field name="receipt_prefix">T</field>
            <field name="receipt_suffix">SP</field>
            <field name="active" eval="True"/>
        </record>
        <record id="donation_management.donation_type3" model="donation_type">
            <field name="name">Non-Tax(Outright Cash)</field>
            <field name="receipt_prefix">N</field>
            <field name="receipt_suffix">CS</field>
            <field name="active" eval="True"/>
        </record>
        <record id="donation_management.donation_type4" model="donation_type">
            <field name="name">Non-Tax(Others)</field>
            <field name="receipt_prefix">N</field>
            <field name="receipt_suffix">TT</field>
            <field name="active" eval="True"/>
        </record>
        <!--========================= Donation Channels-->
        <record id="donation_management.donation_channel1" model="donation_channel">
            <field name="name">Giving.sg</field>
        </record>
        <record id="donation_management.donation_channel2" model="donation_channel">
            <field name="name">GIVE.asia</field>
        </record>
        <record id="donation_management.donation_channel3" model="donation_channel">
            <field name="name">Paypal</field>
        </record>
        <record id="donation_management.donation_channel4" model="donation_channel">
            <field name="name">Giro</field>
        </record>
        <record id="donation_management.donation_channel5" model="donation_channel">
            <field name="name">Cash</field>
        </record>
        <record id="donation_management.donation_channel6" model="donation_channel">
            <field name="name">Benevity</field>
        </record>
        <!--        ========================Giving SG stage -->
        <record id="donation_management.givingsg_stage1" model="givingsg_stage">
            <field name="name">New</field>
            <field name="sequence">1</field>
            <field name="active" eval="True"/>
        </record>
        <record id="donation_management.givingsg_stage2" model="givingsg_stage">
            <field name="name">Validated</field>
            <field name="sequence">2</field>
            <field name="active" eval="True"/>
        </record>
        <record id="donation_management.givingsg_stage3" model="givingsg_stage">
            <field name="name">Validation Failed</field>
            <field name="sequence">3</field>
            <field name="active" eval="True"/>
        </record>
        <record id="donation_management.givingsg_stage4" model="givingsg_stage">
            <field name="name">Processed</field>
            <field name="sequence">4</field>
            <field name="active" eval="True"/>
        </record>
        <!--        ========================== Book Keeping Account-->
        <record id="donation_management.book_keeping_account1" model="book_keeping_account">
            <field name="name">Income Account</field>
            <field name="sequence">1</field>
        </record>
        <record id="donation_management.book_keeping_account2" model="book_keeping_account">
            <field name="name">Bank Account</field>
            <field name="sequence">2</field>
        </record>
        <!--==========================Migration Stages-->
        <record id="donation_management.migration_import_stage1" model="migration_import_stage">
            <field name="name">New</field>
            <field name="sequence">1</field>
        </record>
        <record id="donation_management.migration_import_stage2" model="migration_import_stage">
            <field name="name">Validated</field>
            <field name="sequence">2</field>
        </record>
        <record id="donation_management.migration_import_stage3" model="migration_import_stage">
            <field name="name">Validation Failed</field>
            <field name="sequence">3</field>
        </record>
        <record id="donation_management.migration_import_stage4" model="migration_import_stage">
            <field name="name">Processed</field>
            <field name="sequence">4</field>
        </record>
        <!--=======================Salutations-->
        <record id="donation_management.salutation1" model="salutation">
            <field name="name">Mr</field>
        </record>
        <record id="donation_management.salutation2" model="salutation">
            <field name="name">Mrs</field>
        </record>
        <record id="donation_management.salutation3" model="salutation">
            <field name="name">Ms</field>
        </record>
        <record id="donation_management.salutation4" model="salutation">
            <field name="name">Dr</field>
        </record>
        <record id="donation_management.salutation5" model="salutation">
            <field name="name">Prof</field>
        </record>
        <record id="donation_management.salutation6" model="salutation">
            <field name="name">NA</field>
        </record>
        <record id="donation_management.pbi_report" model="pbi.report">
            <field name="code">Hi</field>
        </record>
    </data>
    <record id="donation_management.version_line_1" model="version.line">
        <field name="name">V22.7.1</field>
        <field name="description"><![CDATA[
        <p>Delete Multiple Donation Error</p>
        <p>Update Process Import Record Logic : Receipt Creation</p>
        <p>Add IRAS Submission Status in Donation Model</p>
        <p>Add New Reconciliation Date Field</p>
        <p>Set Support & Documentation Link to Empact Support Site</p>
        <p>Hide Contact's default TaxId</p>
        <p>Add Do Not Send Checkbox to Conatct</p>
        <p>Add 'GrabPay' Payment Method</p>
        <p>Print Receipt Error</p>
        <p>Donor Statistics 3 Month Label Issue</p>
        <p>Sent date not updated in other donation records</p>
        <p>ValueError trying to export 'Donation Amount To Date Total' field</p>
        <p>Remove the Reconciliation Date from migration import record</p>
        <p>Add New Version Model in Configuration Menu</p>
        <p>Multi-donation receipt duplicated when printing all TDR in a time range</p>

           ]]></field>


    </record>
    <record id="donation_management.version_line_2" model="version.line">
        <field name="name">V23.7.1</field>
        <field name="description"><![CDATA[
        <p>Update Tax Referrence Check Alogrithm for FIN type starting with 'M'</p>
        <p>Process Import Records Create Donor Error</p>
        <p>Change and re-link "documentation" to "user guide"</p>
           ]]></field>
    </record>
    <record id="donation_management.version_line_3" model="version.line">
        <field name="name">V23.8.1</field>
        <field name="description"><![CDATA[
        <p>Display Donor Profile info to Donations</p>
        <p>Add new Alternate Name field in contact</p>
        <p>Hide CMF fields for Non-Arts Sector</p>
        <p>Remove Debug Check Field in Receipt</p>
        <p>Hover mouse over side nav bar to show name of module (copy)</p>
        <p>Sent date not updated in other donation records</p>
           ]]></field>
    </record>
    <record id="donation_management.version_line_4" model="version.line">
        <field name="name">V23.9.1</field>
        <field name="description"><![CDATA[
        <p>Minimum amount TDR validation</p>
        <p>Add New Program & Event Tag to Donation</p>
        <p>Remove Accounting System Export</p>
        <p>Donation Record Mass Update Error</p>
        <p>Audit log configuration (copy)</p>
        <p>Counterintuitive for users to manually check "donor" during profile creation in donor module (copy)</p>
        <p>Add Optional Column for Migration Import List View</p>
        <p>Add 'Program' & 'Event' Item in Giving.Sg, Give.Asia selection</p>
        <p>Update Process Give.asia to handle the 'Program' & "Event"</p>
        <p>Update Process Giving.Sg to handle the 'Program' & "Event"</p>
        <p>Add 'Program' & 'Event' field on to list view optional column</p>
           ]]></field>
    </record>
    <record id="donation_management.version_data" model="version">
        <field name="name">Version Information</field>
        <field name="version">V23.9.1</field>
        <field name="description">Empact Ka-Ching DMS</field>
        <field name="version_lines"
               eval="[(6, 0,[ref('donation_management.version_line_2'),ref('donation_management.version_line_1'),ref('donation_management.version_line_3'),ref('donation_management.version_line_4')])]"/>
    </record>


</odoo>
