<?xml version='1.0' encoding='UTF-8'?>
<odoo>

        <record id="donation_management.donation_report_149cee4e-a2ff-4279-a623-1fd0b65b649a" model="ir.actions.report">
            <field name="attachment_use" eval="False"/>
            <field name="binding_model_id" eval="False"/>
            <field name="binding_type">report</field>
            <field name="binding_view_types">list,form</field>
            <field name="groups_id" eval="[(6, 0, [])]"/>
            <field name="model">donation</field>
            <field name="multi" eval="False"/>
            <field name="name">Tax-Deductible Donation Receipt</field>
            <field name="print_report_name">'Tax-Deductible Donation Receipt-'+object.receipt.name</field>
            <field name="attachment">'Tax-Deductible Donation Receipt'+object.receipt.name+'.pdf'</field>
            <field name="paperformat_id" eval="False"/>
            <field name="report_name">donation_management.studio_report_docume_f1f85ad0-009a-47db-b0e2-7d0b7487db26</field>
            <field name="report_type">qweb-pdf</field>
            <field name="type">ir.actions.report</field>
        </record>
        <record id="donation_management.donation_report_b1fcdb16-6e05-400d-a228-a74cca9ab0aa" model="ir.actions.report">
            <field name="attachment" eval="False"/>
            <field name="attachment_use" eval="False"/>
            <field name="binding_model_id" eval="False"/>
            <field name="binding_type">report</field>
            <field name="binding_view_types">list,form</field>
            <field name="groups_id" eval="[(6, 0, [])]"/>
            <field name="model">donation</field>
            <field name="multi" eval="False"/>
            <field name="print_report_name">'Tax-Deductible Thank You Letter-'+object.name</field>
            <field name="attachment">'Thank you letter-'+object.name+'.pdf'</field>
            <field name="name">Tax-Deductible Thank You Letter</field>
            <field name="paperformat_id" eval="False"/>
            <field name="report_name">donation_management.report_thank_you</field>
            <field name="report_type">qweb-pdf</field>
            <field name="type">ir.actions.report</field>
        </record>
        <record id="donation_management.donation_report_6a22b91b-46cc-4039-9d64-bc6c9006dede" model="ir.actions.report">
            <field name="attachment" eval="False"/>
            <field name="attachment_use" eval="False"/>
            <field name="binding_model_id" eval="False"/>
            <field name="binding_type">report</field>
            <field name="binding_view_types">list,form</field>
            <field name="groups_id" eval="[(6, 0, [])]"/>
            <field name="model">donation</field>
            <field name="multi" eval="False"/>
            <field name="name">Non-Tax Donation Receipt</field>
            <field name="print_report_name">'Non-Tax Donation Receipt-'+object.receipt.name</field>
            <field name="attachment">'Non-Tax Donation Receipt'+object.receipt.name+'.pdf'</field>
            <field name="paperformat_id" eval="False"/>
            <field name="report_name">donation_management.studio_report_docume_3abae55b-a15f-4486-a296-8015564c3461</field>
            <field name="report_type">qweb-pdf</field>
            <field name="type">ir.actions.report</field>
        </record>
        <record id="donation_management.donation_report_7d19bd22-4cb1-4f4a-8196-cd26ceb18a07" model="ir.actions.report">
            <field name="attachment" eval="False"/>
            <field name="attachment_use" eval="False"/>
            <field name="binding_model_id" eval="False"/>
            <field name="binding_type">report</field>
            <field name="binding_view_types">list,form</field>
            <field name="groups_id" eval="[(6, 0, [])]"/>
            <field name="model">donation</field>
            <field name="multi" eval="False"/>
            <field name="print_report_name">'Non-Tax Thank You Letter-'+object.name</field>
            <field name="attachment">'Non-Tax Thank you letter-'+object.name+'.pdf'</field>
            <field name="name">Non-Tax Donation Thank You Letter</field>
            <field name="paperformat_id" eval="False"/>
            <field name="report_name">donation_management.studio_report_docume_0d5b9720-7eab-4fa7-8dcc-9ef7ee02bb1d</field>
            <field name="report_type">qweb-pdf</field>
            <field name="type">ir.actions.report</field>
        </record>

</odoo>
