<?xml version='1.0' encoding='UTF-8'?>
<odoo>
  <record id="donation_management.book_keeping_account_42111cbd-2f5d-4d0f-b4ac-8948c03bed56" model="ir.model.access" >
    <field name="active" eval="True"/>
    <field name="group_id" ref="base.group_user"/>
    <field name="model_id" ref="model_book_keeping_account"/>
    <field name="name">Book-Keeping Account group_user</field>
    <field name="perm_create" eval="True"/>
    <field name="perm_read" eval="True"/>
    <field name="perm_unlink" eval="False"/>
    <field name="perm_write" eval="True"/>
  </record>
  <record id="donation_management.book_keeping_account_f0c5efa3-31f5-468f-87f5-eef25f9f3bcb" model="ir.model.access" >
    <field name="active" eval="True"/>
    <field name="group_id" ref="base.group_system"/>
    <field name="model_id" ref="model_book_keeping_account"/>
    <field name="name">Book-Keeping Account group_system</field>
    <field name="perm_create" eval="True"/>
    <field name="perm_read" eval="True"/>
    <field name="perm_unlink" eval="True"/>
    <field name="perm_write" eval="True"/>
  </record>
  <record id="donation_management.donation_group_syste_bfd5376b-d881-4625-9c6b-77ee96cfabcb" model="ir.model.access" >
    <field name="active" eval="True"/>
    <field name="group_id" ref="base.group_system"/>
    <field name="model_id" ref="model_donation"/>
    <field name="name">Donation group_system</field>
    <field name="perm_create" eval="True"/>
    <field name="perm_read" eval="True"/>
    <field name="perm_unlink" eval="True"/>
    <field name="perm_write" eval="True"/>
  </record>
  <record id="donation_management.donation_group_user_dc1c2194-4bde-47db-b4ce-73f72752bfa9" model="ir.model.access" >
    <field name="active" eval="True"/>
    <field name="group_id" ref="base.group_user"/>
    <field name="model_id" ref="model_donation"/>
    <field name="name">Donation group_user</field>
    <field name="perm_create" eval="True"/>
    <field name="perm_read" eval="True"/>
    <field name="perm_unlink" eval="False"/>
    <field name="perm_write" eval="True"/>
  </record>
  <record id="donation_management.donation_type_group__18a5b03e-5bfa-4836-be7c-576751b2a8d2" model="ir.model.access" >
    <field name="active" eval="True"/>
    <field name="group_id" ref="base.group_user"/>
    <field name="model_id" ref="model_donation_type"/>
    <field name="name">Donation Type group_user</field>
    <field name="perm_create" eval="True"/>
    <field name="perm_read" eval="True"/>
    <field name="perm_unlink" eval="False"/>
    <field name="perm_write" eval="True"/>
  </record>
  <record id="donation_management.donation_type_group__be9cd305-d45f-4e80-bea8-ea7d9551f292" model="ir.model.access" >
    <field name="active" eval="True"/>
    <field name="group_id" ref="base.group_system"/>
    <field name="model_id" ref="model_donation_type"/>
    <field name="name">Donation Type group_system</field>
    <field name="perm_create" eval="True"/>
    <field name="perm_read" eval="True"/>
    <field name="perm_unlink" eval="True"/>
    <field name="perm_write" eval="True"/>
  </record>
  <record id="donation_management.general_settings_gro_7b550e20-33eb-4430-b09e-dfb78338c034" model="ir.model.access" >
    <field name="active" eval="True"/>
    <field name="group_id" ref="base.group_user"/>
    <field name="model_id" ref="model_general_settings"/>
    <field name="name">General Settings group_user</field>
    <field name="perm_create" eval="True"/>
    <field name="perm_read" eval="True"/>
    <field name="perm_unlink" eval="False"/>
    <field name="perm_write" eval="True"/>
  </record>
  <record id="donation_management.general_settings_gro_db89cdef-4278-4493-b569-800b2f4edb95" model="ir.model.access" >
    <field name="active" eval="True"/>
    <field name="group_id" ref="base.group_system"/>
    <field name="model_id" ref="model_general_settings"/>
    <field name="name">General Settings group_system</field>
    <field name="perm_create" eval="True"/>
    <field name="perm_read" eval="True"/>
    <field name="perm_unlink" eval="True"/>
    <field name="perm_write" eval="True"/>
  </record>
  <record id="donation_management.givingsg_group_syste_c4cfa2c2-f073-4126-b275-64fdea421a59" model="ir.model.access" >
    <field name="active" eval="True"/>
    <field name="group_id" ref="base.group_system"/>
    <field name="model_id" ref="model_givingsg"/>
    <field name="name">GivingSg group_system</field>
    <field name="perm_create" eval="True"/>
    <field name="perm_read" eval="True"/>
    <field name="perm_unlink" eval="True"/>
    <field name="perm_write" eval="True"/>
  </record>
  <record id="donation_management.givingsg_group_user_9f4aa9bc-13a7-40ce-80a4-7d842bce8380" model="ir.model.access" >
    <field name="active" eval="True"/>
    <field name="group_id" ref="base.group_user"/>
    <field name="model_id" ref="model_givingsg"/>
    <field name="name">GivingSg group_user</field>
    <field name="perm_create" eval="True"/>
    <field name="perm_read" eval="True"/>
    <field name="perm_unlink" eval="False"/>
    <field name="perm_write" eval="True"/>
  </record>
  <record id="donation_management.givingsg_stages_grou_b2804931-90ad-487b-a8eb-845c15c95568" model="ir.model.access" >
    <field name="active" eval="True"/>
    <field name="group_id" ref="base.group_system"/>
    <field name="model_id" ref="model_givingsg_stage"/>
    <field name="name">GivingSg Stages group_system</field>
    <field name="perm_create" eval="True"/>
    <field name="perm_read" eval="True"/>
    <field name="perm_unlink" eval="True"/>
    <field name="perm_write" eval="True"/>
  </record>
  <record id="donation_management.givingsg_stages_grou_ce239018-28fa-4b52-92e1-9f0cf69b5ca6" model="ir.model.access" >
    <field name="active" eval="True"/>
    <field name="group_id" ref="base.group_user"/>
    <field name="model_id" ref="model_givingsg_stage"/>
    <field name="name">GivingSg Stages group_user</field>
    <field name="perm_create" eval="True"/>
    <field name="perm_read" eval="True"/>
    <field name="perm_unlink" eval="False"/>
    <field name="perm_write" eval="True"/>
  </record>
  <record id="donation_management.migration_import_gro_02e4b142-65e3-4c71-87a9-60e9f145e8b5" model="ir.model.access" >
    <field name="active" eval="True"/>
    <field name="group_id" ref="base.group_system"/>
    <field name="model_id" ref="model_migration_import"/>
    <field name="name">Migration Import group_system</field>
    <field name="perm_create" eval="True"/>
    <field name="perm_read" eval="True"/>
    <field name="perm_unlink" eval="True"/>
    <field name="perm_write" eval="True"/>
  </record>
  <record id="donation_management.migration_import_gro_19862a26-3298-40ef-9c3d-1719da11b3c1" model="ir.model.access" >
    <field name="active" eval="True"/>
    <field name="group_id" ref="base.group_user"/>
    <field name="model_id" ref="model_migration_import"/>
    <field name="name">Migration Import group_user</field>
    <field name="perm_create" eval="True"/>
    <field name="perm_read" eval="True"/>
    <field name="perm_unlink" eval="False"/>
    <field name="perm_write" eval="True"/>
  </record>
  <record id="donation_management.migration_import_sta_0d44717d-a4fb-4128-b4ca-a6e822dbe8b3" model="ir.model.access" >
    <field name="active" eval="True"/>
    <field name="group_id" ref="base.group_user"/>
    <field name="model_id" ref="model_migration_import_stage"/>
    <field name="name">Migration Import Stages group_user</field>
    <field name="perm_create" eval="True"/>
    <field name="perm_read" eval="True"/>
    <field name="perm_unlink" eval="False"/>
    <field name="perm_write" eval="True"/>
  </record>
  <record id="donation_management.migration_import_sta_74ffa1bc-49d3-4087-a274-39a9e9c41d40" model="ir.model.access" >
    <field name="active" eval="True"/>
    <field name="group_id" ref="base.group_system"/>
    <field name="model_id" ref="model_migration_import_stage"/>
    <field name="name">Migration Import Stages group_system</field>
    <field name="perm_create" eval="True"/>
    <field name="perm_read" eval="True"/>
    <field name="perm_unlink" eval="True"/>
    <field name="perm_write" eval="True"/>
  </record>
  <record id="donation_management.programme_group_syst_c9fcdbd4-8c49-468c-927b-26d0f6fba34d" model="ir.model.access" >
    <field name="active" eval="True"/>
    <field name="group_id" ref="base.group_system"/>
    <field name="model_id" ref="model_programme"/>
    <field name="name">Programme group_system</field>
    <field name="perm_create" eval="True"/>
    <field name="perm_read" eval="True"/>
    <field name="perm_unlink" eval="True"/>
    <field name="perm_write" eval="True"/>
  </record>
  <record id="donation_management.programme_group_user_bab88477-86c4-4590-b95b-b3424b8710cd" model="ir.model.access" >
    <field name="active" eval="True"/>
    <field name="group_id" ref="base.group_user"/>
    <field name="model_id" ref="model_programme"/>
    <field name="name">Programme group_user</field>
    <field name="perm_create" eval="True"/>
    <field name="perm_read" eval="True"/>
    <field name="perm_unlink" eval="False"/>
    <field name="perm_write" eval="True"/>
  </record>
  <record id="donation_management.qbo_class_code_group_1f52e5c2-5656-4da2-9eae-c816d4a2b141" model="ir.model.access" >
    <field name="active" eval="True"/>
    <field name="group_id" ref="base.group_user"/>
    <field name="model_id" ref="model_qbo_class_code"/>
    <field name="name">QBO Class Code group_user</field>
    <field name="perm_create" eval="True"/>
    <field name="perm_read" eval="True"/>
    <field name="perm_unlink" eval="False"/>
    <field name="perm_write" eval="True"/>
  </record>
  <record id="donation_management.qbo_class_code_group_51add87a-8bc0-4b44-9cb6-3765d29dfd70" model="ir.model.access" >
    <field name="active" eval="True"/>
    <field name="group_id" ref="base.group_system"/>
    <field name="model_id" ref="model_qbo_class_code"/>
    <field name="name">QBO Class Code group_system</field>
    <field name="perm_create" eval="True"/>
    <field name="perm_read" eval="True"/>
    <field name="perm_unlink" eval="True"/>
    <field name="perm_write" eval="True"/>
  </record>
  <record id="donation_management.qbo_sub_class_code_g_7453435a-1fe6-40a1-ae76-515d7c8ecb84" model="ir.model.access" >
    <field name="active" eval="True"/>
    <field name="group_id" ref="base.group_user"/>
    <field name="model_id" ref="model_qbo_sub_class_code"/>
    <field name="name">QBO Sub Class Code group_user</field>
    <field name="perm_create" eval="True"/>
    <field name="perm_read" eval="True"/>
    <field name="perm_unlink" eval="False"/>
    <field name="perm_write" eval="True"/>
  </record>
  <record id="donation_management.qbo_sub_class_code_g_e50ba966-9468-429b-bb53-54bb98036c22" model="ir.model.access" >
    <field name="active" eval="True"/>
    <field name="group_id" ref="base.group_system"/>
    <field name="model_id" ref="model_qbo_sub_class_code"/>
    <field name="name">QBO Sub Class Code group_system</field>
    <field name="perm_create" eval="True"/>
    <field name="perm_read" eval="True"/>
    <field name="perm_unlink" eval="True"/>
    <field name="perm_write" eval="True"/>
  </record>
  <record id="donation_management.receipt_group_system_ab6fe95a-28e9-44ae-a147-0136892923f6" model="ir.model.access" >
    <field name="active" eval="True"/>
    <field name="group_id" ref="base.group_system"/>
    <field name="model_id" ref="model_receipt"/>
    <field name="name">Receipt group_system</field>
    <field name="perm_create" eval="True"/>
    <field name="perm_read" eval="True"/>
    <field name="perm_unlink" eval="True"/>
    <field name="perm_write" eval="True"/>
  </record>
  <record id="donation_management.receipt_group_user_dbb5aa05-5144-458b-8ab6-5d0b18378fed" model="ir.model.access" >
    <field name="active" eval="True"/>
    <field name="group_id" ref="base.group_user"/>
    <field name="model_id" ref="model_receipt"/>
    <field name="name">Receipt group_user</field>
    <field name="perm_create" eval="True"/>
    <field name="perm_read" eval="True"/>
    <field name="perm_unlink" eval="False"/>
    <field name="perm_write" eval="True"/>
  </record>
    <record id="donation_management.salutation_group_sys_f073e9aa-8c65-4da6-9649-ad3272de3a0a" model="ir.model.access" >
    <field name="active" eval="True"/>
    <field name="group_id" ref="base.group_system"/>
    <field name="model_id" ref="model_salutation"/>
    <field name="name">Salutation group_system</field>
    <field name="perm_create" eval="True"/>
    <field name="perm_read" eval="True"/>
    <field name="perm_unlink" eval="True"/>
    <field name="perm_write" eval="True"/>
  </record>
  <record id="donation_management.salutation_group_use_88640cdd-51b8-4294-ad22-38fcd7ca4105" model="ir.model.access" >
    <field name="active" eval="True"/>
    <field name="group_id" ref="base.group_user"/>
    <field name="model_id" ref="model_salutation"/>
    <field name="name">Salutation group_user</field>
    <field name="perm_create" eval="True"/>
    <field name="perm_read" eval="True"/>
    <field name="perm_unlink" eval="False"/>
    <field name="perm_write" eval="True"/>
  </record>
  <record id="donation_management.donation_tag1_group__9ccf2055-b5a6-4516-85d4-438019fbbf53" model="ir.model.access" >
    <field name="active" eval="True"/>
    <field name="group_id" ref="base.group_user"/>
    <field name="model_id" ref="model_donation_tag1"/>
    <field name="name">Donation Tag1 group_user</field>
    <field name="perm_create" eval="True"/>
    <field name="perm_read" eval="True"/>
    <field name="perm_unlink" eval="False"/>
    <field name="perm_write" eval="True"/>
  </record>
  <record id="donation_management.donation_tag1_group__db083cc3-4a2e-4008-b5e8-3e5f452c786a" model="ir.model.access" >
    <field name="active" eval="True"/>
    <field name="group_id" ref="base.group_system"/>
    <field name="model_id" ref="model_donation_tag1"/>
    <field name="name">Donation Tag1 group_system</field>
    <field name="perm_create" eval="True"/>
    <field name="perm_read" eval="True"/>
    <field name="perm_unlink" eval="True"/>
    <field name="perm_write" eval="True"/>
  </record>
  <record id="donation_management.donation_tag2_group__8ea6f0a9-21a9-478b-b5f5-436cc8d80f9d" model="ir.model.access" >
    <field name="active" eval="True"/>
    <field name="group_id" ref="base.group_user"/>
    <field name="model_id" ref="model_donation_tag2"/>
    <field name="name">Donation Tag2 group_user</field>
    <field name="perm_create" eval="True"/>
    <field name="perm_read" eval="True"/>
    <field name="perm_unlink" eval="False"/>
    <field name="perm_write" eval="True"/>
  </record>
  <record id="donation_management.donation_tag2_group__9661d330-f09a-4414-ba80-ead3e663f729" model="ir.model.access" >
    <field name="active" eval="True"/>
    <field name="group_id" ref="base.group_system"/>
    <field name="model_id" ref="model_donation_tag2"/>
    <field name="name">Donation Tag2 group_system</field>
    <field name="perm_create" eval="True"/>
    <field name="perm_read" eval="True"/>
    <field name="perm_unlink" eval="True"/>
    <field name="perm_write" eval="True"/>
  </record>
  <record id="donation_management.donation_tag3_group__a411f4c8-3caa-4ced-81b1-e4906b1e2776" model="ir.model.access" >
    <field name="active" eval="True"/>
    <field name="group_id" ref="base.group_user"/>
    <field name="model_id" ref="model_donation_tag3"/>
    <field name="name">Donation Tag3 group_user</field>
    <field name="perm_create" eval="True"/>
    <field name="perm_read" eval="True"/>
    <field name="perm_unlink" eval="False"/>
    <field name="perm_write" eval="True"/>
  </record>
  <record id="donation_management.donation_tag3_group__b51e20da-9a65-48db-8ea1-473c47bac354" model="ir.model.access" >
    <field name="active" eval="True"/>
    <field name="group_id" ref="base.group_system"/>
    <field name="model_id" ref="model_donation_tag3"/>
    <field name="name">Donation Tag3 group_system</field>
    <field name="perm_create" eval="True"/>
    <field name="perm_read" eval="True"/>
    <field name="perm_unlink" eval="True"/>
    <field name="perm_write" eval="True"/>
  </record>
</odoo>
