<?xml version='1.0' encoding='UTF-8'?>
<odoo>
  <data noupdate="1">
    <record id="donation_management.on_create_give_asia__b45ad162-dc30-425b-839d-f3f1df07ead6" model="base.automation">
    <field name="action_server_id" ref="donation_management.on_create_give_asia__5c0324eb-8287-4277-a2b2-bcf7f4dede4f"/>
    <field name="active" eval="True"/>
    <field name="filter_domain" eval="False"/>
    <field name="filter_pre_domain" eval="False"/>
    <field name="last_run" eval="False"/>
    <field name="on_change_field_ids" eval="[(6, 0, [])]"/>
    <field name="trg_date_id" eval="False"/>
    <field name="trg_date_range" eval="False"/>
    <field name="trg_date_range_type" eval="False"/>
    <field name="trigger">on_create</field>
  </record>
    <record id="donation_management.on_create_giving_sg__bcd9d3fe-d538-4015-a2f1-f829ec768945" model="base.automation" >
    <field name="action_server_id" ref="donation_management.on_create_giving_sg__960360d3-6b69-4fc8-9fc1-af57339bb8cf"/>
    <field name="active" eval="True"/>
    <field name="filter_domain" eval="False"/>
    <field name="filter_pre_domain" eval="False"/>
    <field name="last_run" eval="False"/>
    <field name="on_change_field_ids" eval="[(6, 0, [])]"/>
    <field name="trg_date_id" eval="False"/>
    <field name="trg_date_range" eval="False"/>
    <field name="trg_date_range_type" eval="False"/>
    <field name="trigger">on_create</field>
  </record>
  <record id="donation_management.on_create_import_rec_3267b92b-dc1c-4a41-9026-c0e56e862b47" model="base.automation" >
    <field name="action_server_id" ref="donation_management.on_create_import_rec_4d3645ac-b72c-40e5-add7-07ffdee77522"/>
    <field name="active" eval="True"/>
    <field name="filter_domain" eval="False"/>
    <field name="filter_pre_domain" eval="False"/>
    <field name="last_run" eval="False"/>
    <field name="on_change_field_ids" eval="[(6, 0, [])]"/>
    <field name="trg_date_id" eval="False"/>
    <field name="trg_date_range" eval="False"/>
    <field name="trg_date_range_type" eval="False"/>
    <field name="trigger">on_create</field>
  </record>
  <record id="donation_management.on_create_set_receip_aeb41bc5-8cdf-467c-8d96-b02e95d5f4d2" model="base.automation" >
    <field name="action_server_id" ref="donation_management.on_create_set_receip_89751d21-eb5a-4d77-9d42-1e36225a531d"/>
    <field name="active" eval="True"/>
    <field name="filter_domain" eval="False"/>
    <field name="filter_pre_domain" eval="False"/>
    <field name="last_run" eval="False"/>
    <field name="on_change_field_ids" eval="[(6, 0, [])]"/>
    <field name="trg_date_id" eval="False"/>
    <field name="trg_date_range" eval="False"/>
    <field name="trg_date_range_type" eval="False"/>
    <field name="trigger">on_create</field>
  </record>
  <record id="donation_management.on_import_create_125a50d8-2907-473b-adcd-4198ae3df710" model="base.automation" >
    <field name="action_server_id" ref="donation_management.on_import_create_a9e594ef-cb64-48f5-b489-29a12390eeb9"/>
    <field name="active" eval="False"/>
    <field name="filter_domain" eval="False"/>
    <field name="filter_pre_domain" eval="False"/>
    <field name="last_run" eval="False"/>
    <field name="on_change_field_ids" eval="[(6, 0, [])]"/>
    <field name="trg_date_id" eval="False"/>
    <field name="trg_date_range" eval="False"/>
    <field name="trg_date_range_type" eval="False"/>
    <field name="trigger">on_create</field>
  </record>

  </data>
</odoo>