id,name,model_id:id,group_id:id,perm_read,perm_write,perm_create,perm_unlink
access_donation_channel_manager,Donation Channel,donation_management.model_donation_channel,group_donation_manager,1,1,1,1
access_iras_export_manager,iras.export,donation_management.model_iras_export,group_donation_manager,1,1,1,1
access_exported_file_manager,exported.file,donation_management.model_exported_file,group_donation_manager,1,1,1,1
access_single_donation_reciept_manager,single.donation.receipt,donation_management.model_single_donation_receipt,group_donation_manager,1,1,1,1
access_multiple_donation_reciept_manager,multiple.donation.receipt,donation_management.model_multiple_donation_receipt,group_donation_manager,1,1,1,1
access_send_multiple_donation_reciept_manager,send.multiple.donation.receipt,donation_management.model_send_multiple_donation_receipt,group_donation_manager,1,1,1,1
access_print_donation_report_manager,print.donation.report,donation_management.model_print_donation_report,group_donation_manager,1,1,1,1
access_book_keeping_account_manager,book.keeping.account,donation_management.model_book_keeping_account,group_donation_manager,1,1,1,1
access_donation_manager,donation,donation_management.model_donation,group_donation_manager,1,1,1,1
access_donation_type_manager,donation.type,donation_management.model_donation_type,group_donation_manager,1,1,1,1
access_general_settings_manager,general.settings,donation_management.model_general_settings,group_donation_manager,1,1,1,1
access_givingsg_manager,givingsg,donation_management.model_givingsg,group_donation_manager,1,1,1,1
access_givingsg_stage_manager,givingsg.stage,donation_management.model_givingsg_stage,group_donation_manager,1,1,1,1
access_migration_import_manager,migration.import,donation_management.model_migration_import,group_donation_manager,1,1,1,1
access_migration_import_stage_manager,migration.import.stage,donation_management.model_migration_import_stage,group_donation_manager,1,1,1,1
access_qbo_class_code_manager,qbo.class.code,donation_management.model_qbo_class_code,group_donation_manager,1,1,1,1
access_qbo_sub_class_code_manager,qbo.sub_class.code,donation_management.model_qbo_sub_class_code,group_donation_manager,1,1,1,1
access_receipt_manager,receipt,donation_management.model_receipt,group_donation_manager,1,1,1,1
access_salutation_manager,salutaation,donation_management.model_salutation,group_donation_manager,1,1,1,1
access_donation_tag1_manager,donation.tag1,donation_management.model_donation_tag1,group_donation_manager,1,1,1,1
access_donation_tag2_manager,donation.tag2,donation_management.model_donation_tag2,group_donation_manager,1,1,1,1
access_donation_tag3_manager,donation.tag3,donation_management.model_donation_tag3,group_donation_manager,1,1,1,1
access_give_asia_manager,give.asia,donation_management.model_give_asia,group_donation_manager,1,1,1,1
access_donation_channel_user,Donation Channel,donation_management.model_donation_channel,group_donation_user,1,1,1,0
access_iras_export_user,iras.export,donation_management.model_iras_export,group_donation_user,1,1,1,0
access_exported_file_user,exported.file,donation_management.model_exported_file,group_donation_user,1,1,1,0
access_single_donation_reciept_user,single.donation.receipt,donation_management.model_single_donation_receipt,group_donation_user,1,1,1,0
access_multiple_donation_reciept_user,multiple.donation.receipt,donation_management.model_multiple_donation_receipt,group_donation_user,1,1,1,0
access_send_multiple_donation_reciept_user,send.multiple.donation.receipt,donation_management.model_send_multiple_donation_receipt,group_donation_user,1,1,1,0
access_print_donation_report_user,print.donation.report,donation_management.model_print_donation_report,group_donation_user,1,1,1,0
access_book_keeping_account_user,book.keeping.account,donation_management.model_book_keeping_account,group_donation_user,1,1,1,0
access_donation_user,donation,donation_management.model_donation,group_donation_user,1,1,1,0
access_donation_type_user,donation.type,donation_management.model_donation_type,group_donation_user,1,1,1,0
access_general_settings_user,general.settings,donation_management.model_general_settings,group_donation_user,1,1,1,0
access_givingsg_user,givingsg,donation_management.model_givingsg,group_donation_user,1,1,1,0
access_givingsg_stage_user,givingsg.stage,donation_management.model_givingsg_stage,group_donation_user,1,1,1,0
access_migration_import_user,migration.import,donation_management.model_migration_import,group_donation_user,1,1,1,0
access_migration_import_stage_user,migration.import.stage,donation_management.model_migration_import_stage,group_donation_user,1,1,1,0
access_qbo_class_code_user,qbo.class.code,donation_management.model_qbo_class_code,group_donation_user,1,1,1,0
access_qbo_sub_class_code_user,qbo.sub_class.code,donation_management.model_qbo_sub_class_code,group_donation_user,1,1,1,0
access_receipt_user,receipt,donation_management.model_receipt,group_donation_user,1,1,1,0
access_salutation_user,salutaation,donation_management.model_salutation,group_donation_user,1,1,1,0
access_donation_tag1_user,donation.tag1,donation_management.model_donation_tag1,group_donation_user,1,1,1,0
access_donation_tag2_user,donation.tag2,donation_management.model_donation_tag2,group_donation_user,1,1,1,0
access_donation_tag3_user,donation.tag3,donation_management.model_donation_tag3,group_donation_user,1,1,1,0
access_pbi_report,pbi.report,donation_management.model_pbi_report,,1,1,1,1
access_iras_submit,iras.submit,donation_management.model_iras_submit,,1,1,1,1
access_give_asia_user,give.asia,donation_management.model_give_asia,group_donation_user,1,1,1,0
access_iras_transaction,iras.transaction,donation_management.model_iras_transaction,,1,1,1,1
access_donor_tier,donor.level,donation_management.model_donor_level,,1,1,1,1
access_gift,gift,donation_management.model_gift,,1,1,1,1
access_donor_gift,donor.gift,donation_management.model_donor_gift,,1,1,1,1
access_version,version,donation_management.model_version,,1,1,1,1
access_version_line,version.line,donation_management.model_version_line,,1,1,1,1
access_program,program,donation_management.model_program,,1,1,1,1
access_event,event,donation_management.model_event,,1,1,1,1
access_periodic_lock_wizard,periodic_lock_wizard,model_periodic_lock_wizard,,1,1,1,1
access_donation_tags,donation.tags,donation_management.model_donation_tags,,1,1,1,1


