<?xml version='1.0' encoding='UTF-8'?>
<odoo>
  <record id="donation_management.active_donation_2a72a019-20fc-4d97-90d1-6768639989f7" model="ir.default" >
    <field name="field_id" ref="model_donation"/>
    <field name="condition" eval="False"/>
    <field name="json_value">true</field>
  </record>
  <record id="donation_management.active_donation_type_5845d334-ead6-446b-94b9-59040b770e74" model="ir.default" >
    <field name="field_id" ref="model_donation_type"/>
    <field name="condition" eval="False"/>
    <field name="json_value">true</field>
  </record>
  <record id="donation_management.active_general_setti_b133f442-f9e7-4351-9dc8-abdd2d6b513f" model="ir.default" >
    <field name="field_id" ref="model_general_settings"/>
    <field name="condition" eval="False"/>
    <field name="json_value">true</field>
  </record>
  <record id="donation_management.active_givingsg_00986096-f309-466a-8d1b-c6c9e560ef88" model="ir.default" >
    <field name="field_id" ref="model_givingsg"/>
    <field name="condition" eval="False"/>
    <field name="json_value">true</field>
  </record>
  <record id="donation_management.active_migration_imp_fade266c-781e-4407-a31c-61edbe5eab6d" model="ir.default" >
    <field name="field_id" ref="model_migration_import"/>
    <field name="condition" eval="False"/>
    <field name="json_value">true</field>
  </record>

  <record id="donation_management.active_receipt_939fa0f0-0135-4a19-9b60-42204c557b8d" model="ir.default" >
    <field name="field_id" ref="model_receipt"/>
    <field name="condition" eval="False"/>
    <field name="json_value">true</field>
  </record>
  <record id="donation_management.currency_donation_734b0f46-11e4-44cc-95e3-b8ceed77f746" model="ir.default" >
    <field name="field_id" ref="model_donation"/>
    <field name="condition" eval="False"/>
    <field name="json_value">37</field>
  </record>
  <record id="donation_management.donation_receipt_ada4cef1-e3f6-4431-aab3-8e6eca2c5068" model="ir.default" >
    <field name="field_id" ref="model_receipt"/>
    <field name="condition" eval="False"/>
    <field name="json_value">"New Receipt"</field>
  </record>
  <record id="donation_management.donor_type_givingsg_28412b8c-1d56-4097-95a6-8c2322ecba07" model="ir.default" >
    <field name="field_id" ref="model_givingsg"/>
    <field name="condition" eval="False"/>
    <field name="json_value">"ONE-TIME"</field>
  </record>
  <record id="donation_management.is_tadeductible_re_86c0b2ba-b9f2-4ace-924a-316ef0cc3ba1" model="ir.default" >
    <field name="field_id" ref="model_receipt"/>
    <field name="condition" eval="False"/>
    <field name="json_value">"1"</field>
  </record>
  <record id="donation_management.name_donation_962fe031-5a1e-4d6e-a133-79aa85aa8172" model="ir.default" >
    <field name="field_id" ref="model_donation"/>
    <field name="condition" eval="False"/>
    <field name="json_value">"New"</field>
  </record>
  <record id="donation_management.pipeline_status_bar__5a8bce1e-3673-4095-86ac-bc10c26b59fe" model="ir.default" >
    <field name="field_id" ref="model_donation"/>
    <field name="condition" eval="False"/>
    <field name="json_value">"confirm"</field>
  </record>
  <record id="donation_management.sequence_book_keepin_7600acce-1aa4-4896-9b4e-f3acfecb7520" model="ir.default" >
    <field name="field_id" ref="model_book_keeping_account"/>
    <field name="condition" eval="False"/>
    <field name="json_value">10</field>
  </record>
  <record id="donation_management.sequence_donation_ecfd2cb6-f604-4c3e-9ccf-ecbada27c0f4" model="ir.default" >
    <field name="field_id" ref="model_donation"/>
    <field name="condition" eval="False"/>
    <field name="json_value">10</field>
  </record>
  <record id="donation_management.sequence_givingsg_19dcc61e-bd18-43c2-965f-46b8bb20572a" model="ir.default" >
    <field name="field_id" ref="model_givingsg"/>
    <field name="condition" eval="False"/>
    <field name="json_value">10</field>
  </record>
  <record id="donation_management.sequence_givingsg_st_09a56e41-36c4-4810-b91d-8f9f882dec54" model="ir.default" >
    <field name="field_id" ref="model_givingsg_stage"/>
    <field name="condition" eval="False"/>
    <field name="json_value">10</field>
  </record>
  <record id="donation_management.sequence_migration_i_9198940c-a4ac-47e2-bb59-e28da8e6078a" model="ir.default" >
    <field name="field_id" ref="model_migration_import_stage"/>
    <field name="condition" eval="False"/>
    <field name="json_value">10</field>
  </record>
  <record id="donation_management.sequence_migration_i_9a6e4822-52f9-4ead-a566-accc6b1c4ae5" model="ir.default" >
    <field name="field_id" ref="model_migration_import"/>
    <field name="condition" eval="False"/>
    <field name="json_value">10</field>
  </record>

  <record id="donation_management.sequence_receipt_c62cc3db-3b17-42b6-97c0-1fe09e85285d" model="ir.default" >
    <field name="field_id" ref="model_receipt"/>
    <field name="condition" eval="False"/>
    <field name="json_value">10</field>
  </record>
  <record id="donation_management.stage_givingsg_12912ac6-c217-49e0-b7f3-302cd8233b6f" model="ir.default" >
    <field name="field_id" ref="model_givingsg"/>
    <field name="condition" eval="False"/>
    <field name="json_value">1</field>
  </record>
  <record id="donation_management.stage_migration_impo_ac1b793b-7666-487a-aa6e-e07f4cb6371b" model="ir.default" >
    <field name="field_id" ref="model_migration_import"/>
    <field name="condition" eval="False"/>
    <field name="json_value">1</field>
  </record>
  <record id="donation_management.tdr_yes_no_givingsg_f4c66af6-683c-43c0-a873-754551d346f6" model="ir.default" >
    <field name="field_id" ref="model_givingsg"/>
    <field name="condition" eval="False"/>
    <field name="json_value">"NO"</field>
  </record>
  <record id="donation_management.thank_you_letter_sen_79021286-bded-4c0d-89db-c985d7cad98a" model="ir.default" >
    <field name="field_id" ref="model_donation"/>
    <field name="condition" eval="False"/>
    <field name="json_value">"0"</field>
  </record>
</odoo>
