<?xml version="1.0" encoding="UTF-8" ?>
<odoo>
    <data noupdate="1">
        <record id="donation_management.iras_transaction_id" model="ir.sequence">
            <field name="name">IRAR Transaction</field>
            <field name="code">iras.transaction.id</field>
            <field name="prefix">IRAS_</field>
            <field name="padding">4</field>
            <field name="number_increment">1</field>
            <field name="implementation">no_gap</field>
        </record>
        <record id="donation_management.donation_id" model="ir.sequence">
            <field name="name">Donation ID</field>
            <field name="code">donation.id</field>
            <field name="prefix">DN-%(y)s/</field>
            <field name="padding">4</field>
            <field name="number_increment">1</field>
            <field name="implementation">no_gap</field>
        </record>
        <record id="donation_management.migration_import_id" model="ir.sequence">
            <field name="name">Migration Import Rec Seq</field>
            <field name="code">MIG_IMP_SEQ</field>
            <field name="prefix">Migration Record -</field>
            <field name="padding">4</field>
            <field name="number_increment">1</field>
        </record>
        <record id="donation_management.receipt_id" model="ir.sequence">
            <field name="name">Receipt Number</field>
            <field name="code">receipt.number</field>
            <field name="prefix">%(y)s-</field>
            <field name="padding">4</field>
            <field name="number_increment">1</field>
            <field name="implementation">no_gap</field>
        </record>

    </data>
</odoo>