<?xml version="1.0" encoding="UTF-8" ?>
<odoo>
        <!--Email template -->
    <data noupdate="1">
        <record id="donation_management.send_donation_receipt" model="mail.template">
            <field name="name">Send Tax-Deductible Donation Receipt</field>
            <field name="model_id" ref="model_donation" />
            <field name="email_from"></field>
            <field name="email_cc"></field>
            <field name="subject">Thank you for your donation</field>
            <field name="partner_to">${object.partner_id.id}</field>
            <field name="report_template" ref="donation_management.donation_report_149cee4e-a2ff-4279-a623-1fd0b65b649a"/>
            <field name="report_name">Tax-Deductible Donation Receipt-${object.receipt.name}</field>
            <field name="auto_delete" eval="False" />
            <field name="lang">${object.partner_id.lang}</field>
            <field name="body_html" type="xml">
                <p>Dear ${object.partner_id.name},</p><p><br/></p><p>Thank you for your donation and support. Please see the donation receipt attached.</p><p><br/></p><p>On behalf of our beneficiaries, we would like to express our sincere appreciation to you for your generosity and kindness.</p><p><br/></p><p>We are pleased to inform you that you do not need to make a claim for tax deduction when filing your income tax return next year. The details of your donation will be given to the Inland Revenue Authority of Singapore (IRAS) and the tax deduction granted will be reflected automatically in your tax bill.</p><p><br/></p><p>We look forward to your continued support.</p><p><br/></p><p>Yours sincerely,</p><p>John Tan</p><p>Executive Director</p><p><br/></p><p><br/></p>
            </field>
        </record>
        <record id="donation_management.send_non_tax_donation_receipt" model="mail.template">
            <field name="name">Send Non-Tax Donation Receipt</field>
            <field name="model_id" ref="model_donation" />
            <field name="email_from"></field>
            <field name="email_cc"></field>
            <field name="subject">Thank you for your donation</field>
            <field name="partner_to">${object.partner_id.id}</field>
            <field name="report_template" ref="donation_management.donation_report_6a22b91b-46cc-4039-9d64-bc6c9006dede"/>
            <field name="report_name">Non-Tax Donation Receipt-${object.receipt.name}</field>
            <field name="auto_delete" eval="False" />
            <field name="lang">${object.partner_id.lang}</field>
            <field name="body_html" type="xml">
                <p>Dear ${object.partner_id.name},</p><p><br/></p><p>Thank you for your gift and support.</p><p><br/></p><p>On behalf of our beneficiaries, we would like to express our sincere appreciation for your generosity and  kindness.</p><p><br/></p><p>From 1 January 2011, all individuals, businesses, companies etc that make donations to IPCs are required to provide tax reference numbers (eg NRIC/FIN/UEN) in order to be given tax deductions on  the donations. Donors who do not provide their tax reference numbers or wish to remain as anonymous  will not qualify for tax deduction.</p><p><br/></p><p>Inland Revenue Authority of Singapore (IRAS) will not accept tax deduction claims supported by  donation receipts in respect of the donations made to IPCs from 1 January 2011.</p><p><br/></p><p>Please let us have your tax reference number if you wish to enjoy the tax-deduction and the  convenience of your donations automatically included in your tax bill.</p><p><br/></p><p>We look forward to your continued support.</p><p><br/></p><p>Yours sincerely,</p><p>Daniel Goh</p><p>Executive Director</p><p><br/></p><p><br/></p>
            </field>
        </record>
    </data>
</odoo>