<?xml version="1.0" encoding="UTF-8" ?>
<odoo>
    <data noupdate="1">
        <record id="auditlog_rule" model="auditlog.rule">
            <field name="name">Donation Rule</field>
            <field name="model_id" ref="donation_management.model_donation"/>
            <field name="log_type" >full</field>
            <field name="capture_record" eval="True"/>
            <field name="log_read" eval="True"/>
            <field name="log_unlink" eval="True"/>
            <field name="log_write" eval="True"/>
            <field name="log_create" eval="True"/>
            <field name="state">subscribed</field>
        </record>
        <record id="auditlog_rule_migration_import" model="auditlog.rule">
            <field name="name">Migration Import Rule</field>
            <field name="model_id" ref="donation_management.model_migration_import"/>
            <field name="log_type" >full</field>
            <field name="capture_record" eval="True"/>
            <field name="log_read" eval="True"/>
            <field name="log_unlink" eval="True"/>
            <field name="log_write" eval="True"/>
            <field name="log_create" eval="True"/>
            <field name="state">subscribed</field>
        </record>
        <record id="auditlog_rule_receipt" model="auditlog.rule">
            <field name="name">Receipt Rule</field>
            <field name="model_id" ref="donation_management.model_receipt"/>
            <field name="log_type" >full</field>
            <field name="capture_record" eval="True"/>
            <field name="log_read" eval="True"/>
            <field name="log_unlink" eval="True"/>
            <field name="log_write" eval="True"/>
            <field name="log_create" eval="True"/>
            <field name="state">subscribed</field>
        </record>
    </data>
</odoo>