<?xml version='1.0' encoding='UTF-8'?>
<odoo>
  <record id="donation_management.book_keeping_account_31ba37f1-45e2-480f-af8f-983672bd37ad" model="ir.actions.act_window" >
    <field name="binding_model_id" eval="False"/>
    <field name="binding_type">action</field>
    <field name="binding_view_types">list,form</field>
    <field name="context">{}</field>
    <field name="domain" eval="False"/>
    <field name="filter" eval="False"/>
    <field name="groups_id" eval="[(6, 0, [])]"/>
    <field name="help"><![CDATA[<p class="o_view_nocontent_smiling_face">
                    This is your new action.
                </p>
                <p>By default, it contains a list and a form view and possibly
                    other view types depending on the options you chose for your model.
                </p>
                <p>
                    You can start customizing these screens by clicking on the Studio icon on the
                    top right corner (you can also customize this help message there).
                </p>
            ]]></field>
    <field name="limit">80</field>
    <field name="name">Book-Keeping Account</field>
    <field name="res_model">book_keeping_account</field>
    <field name="search_view_id" eval="False"/>
    <field name="target">current</field>
    <field name="type">ir.actions.act_window</field>
    <field name="usage" eval="False"/>
    <field name="view_id" eval="False"/>
    <field name="view_mode">tree,form</field>
  </record>
  <record id="donation_management.donation_82af86a7-b882-47fd-a49e-8f00fae21453" model="ir.actions.act_window" >
    <field name="binding_model_id" eval="False"/>
    <field name="binding_type">action</field>
    <field name="binding_view_types">list,form</field>
    <field name="context">{}</field>
    <field name="domain" eval="False"/>
    <field name="filter" eval="False"/>
    <field name="groups_id" eval="[(6, 0, [])]"/>
    <field name="help"><![CDATA[<p class="o_view_nocontent_smiling_face">
                    This is your new action.
                </p>
                <p>By default, it contains a list and a form view and possibly
                    other view types depending on the options you chose for your model.
                </p>
                <p>
                    You can start customizing these screens by clicking on the Studio icon on the
                    top right corner (you can also customize this help message there).
                </p>
            ]]></field>
    <field name="limit">80</field>
    <field name="name">Donation</field>
    <field name="res_model">donation</field>
    <field name="search_view_id" eval="False"/>
    <field name="target">current</field>
    <field name="type">ir.actions.act_window</field>
    <field name="usage" eval="False"/>
    <field name="view_id" eval="False"/>
    <field name="view_mode">tree,form,graph,pivot</field>
  </record>
  <record id="donation_management.donation_channel_8bcd4423-29eb-4e2a-95bb-2a93b8eb4cc5" model="ir.actions.act_window" >
    <field name="binding_model_id" eval="False"/>
    <field name="binding_type">action</field>
    <field name="binding_view_types">list,form</field>
    <field name="context">{}</field>
    <field name="domain" eval="False"/>
    <field name="filter" eval="False"/>
    <field name="groups_id" eval="[(6, 0, [])]"/>
    <field name="help"><![CDATA[<p class="o_view_nocontent_smiling_face">
                    This is your new action.
                </p>
                <p>By default, it contains a list and a form view and possibly
                    other view types depending on the options you chose for your model.
                </p>
                <p>
                    You can start customizing these screens by clicking on the Studio icon on the
                    top right corner (you can also customize this help message there).
                </p>
            ]]></field>
    <field name="limit">80</field>
    <field name="name">Donation Channel</field>
    <field name="res_model">donation_channel</field>
    <field name="search_view_id" eval="False"/>
    <field name="target">current</field>
    <field name="type">ir.actions.act_window</field>
    <field name="usage" eval="False"/>
    <field name="view_id" eval="False"/>
    <field name="view_mode">tree,form</field>
  </record>

  <record id="donation_management.donation_type_e1ade6bd-f0ca-4a30-bb4c-9bc075671929" model="ir.actions.act_window" >
    <field name="binding_model_id" eval="False"/>
    <field name="binding_type">action</field>
    <field name="binding_view_types">list,form</field>
    <field name="context">{}</field>
    <field name="domain" eval="False"/>
    <field name="filter" eval="False"/>
    <field name="groups_id" eval="[(6, 0, [])]"/>
    <field name="help"><![CDATA[<p class="o_view_nocontent_smiling_face">
                    This is your new action.
                </p>
                <p>By default, it contains a list and a form view and possibly
                    other view types depending on the options you chose for your model.
                </p>
                <p>
                    You can start customizing these screens by clicking on the Studio icon on the
                    top right corner (you can also customize this help message there).
                </p>
            ]]></field>
    <field name="limit">80</field>
    <field name="name">Donation Type</field>
    <field name="res_model">donation_type</field>
    <field name="search_view_id" eval="False"/>
    <field name="target">current</field>
    <field name="type">ir.actions.act_window</field>
    <field name="usage" eval="False"/>
    <field name="view_id" eval="False"/>
    <field name="view_mode">tree,form</field>
  </record>
  <record id="donation_management.donations_5e3965d4-589d-42f4-af96-58f1085a5182" model="ir.actions.act_window" >
    <field name="binding_model_id" eval="False"/>
    <field name="binding_type">action</field>
    <field name="binding_view_types">list,form</field>
    <field name="context">{'search_default_partner_id': active_id,'default_partner_id': active_id}</field>
    <field name="domain">[('partner_id', '=', active_id)]</field>
    <field name="filter" eval="False"/>
    <field name="groups_id" eval="[(6, 0, [])]"/>
    <field name="help" eval="False"/>
    <field name="limit">80</field>
    <field name="name">Donations</field>
    <field name="res_model">donation</field>
    <field name="search_view_id" eval="False"/>
    <field name="target">current</field>
    <field name="type">ir.actions.act_window</field>
    <field name="usage" eval="False"/>
    <field name="view_id" eval="False"/>
    <field name="view_mode">tree,form</field>
  </record>
  <record id="donation_management.donor_216d8471-34bb-4a50-88d1-ad76a60646d0" model="ir.actions.act_window" >
    <field name="binding_model_id" eval="False"/>
    <field name="binding_type">action</field>
    <field name="binding_view_types">list,form</field>
    <field name="context">{'default_donor':True}</field>
    <field name="domain">[('donor', '=', 1)]</field>
    <field name="filter" eval="False"/>
    <field name="groups_id" eval="[(6, 0, [])]"/>
    <field name="help"><![CDATA[<p class="o_view_nocontent_smiling_face">
                    This is your new action.
                </p>
                <p>By default, it contains a list and a form view and possibly
                    other view types depending on the options you chose for your model.
                </p>
                <p>
                    You can start customizing these screens by clicking on the Studio icon on the
                    top right corner (you can also customize this help message there).
                </p>
            ]]></field>
    <field name="limit">80</field>
    <field name="name">Donor</field>
    <field name="res_model">res.partner</field>
    <field name="search_view_id" eval="False"/>
    <field name="target">current</field>
    <field name="type">ir.actions.act_window</field>
    <field name="usage" eval="False"/>
    <field name="view_id" eval="False"/>
    <field name="view_mode">kanban,tree,form,activity</field>
  </record>
  <record id="donation_management.general_settings_2d1c9e0c-c172-484c-9c13-e1818816d1f1" model="ir.actions.act_window" >
    <field name="binding_model_id" eval="False"/>
    <field name="binding_type">action</field>
    <field name="binding_view_types">form</field>
    <field name="res_id">1</field>
    <field name="context">{}</field>
    <field name="domain" eval="False"/>
    <field name="filter" eval="False"/>
    <field name="groups_id" eval="[(6, 0, [])]"/>
    <field name="help"><![CDATA[<p class="o_view_nocontent_smiling_face">
                    This is your new action.
                </p>
                <p>By default, it contains a list and a form view and possibly
                    other view types depending on the options you chose for your model.
                </p>
                <p>
                    You can start customizing these screens by clicking on the Studio icon on the
                    top right corner (you can also customize this help message there).
                </p>
            ]]></field>
    <field name="limit">80</field>
    <field name="name">General Settings</field>
    <field name="res_model">general_settings</field>
    <field name="search_view_id" eval="False"/>
    <field name="target">current</field>
    <field name="type">ir.actions.act_window</field>
    <field name="usage" eval="False"/>
    <field name="view_id" eval="False"/>
    <field name="view_mode">form</field>
  </record>
  <record id="donation_management.givingsg_3ef5f614-90c7-464a-9f03-df2f4f79757f" model="ir.actions.act_window" >
    <field name="binding_model_id" eval="False"/>
    <field name="binding_type">action</field>
    <field name="binding_view_types">list,form</field>
    <field name="context">{}</field>
    <field name="domain" eval="False"/>
    <field name="filter" eval="False"/>
    <field name="groups_id" eval="[(6, 0, [])]"/>
    <field name="help"><![CDATA[<p class="o_view_nocontent_smiling_face">
                    This is your new action.
                </p>
                <p>By default, it contains a list and a form view and possibly
                    other view types depending on the options you chose for your model.
                </p>
                <p>
                    You can start customizing these screens by clicking on the Studio icon on the
                    top right corner (you can also customize this help message there).
                </p>
            ]]></field>
    <field name="limit">80</field>
    <field name="name">GivingSg</field>
    <field name="res_model">givingsg</field>
    <field name="search_view_id" eval="False"/>
    <field name="target">current</field>
    <field name="type">ir.actions.act_window</field>
    <field name="usage" eval="False"/>
    <field name="view_id" eval="False"/>
    <field name="view_mode">tree,kanban,form</field>
  </record>
  <record id="donation_management.givingsg_stages_8d5ff2d1-0543-4ed7-aa62-b7f6289ebb49" model="ir.actions.act_window" >
    <field name="binding_model_id" eval="False"/>
    <field name="binding_type">action</field>
    <field name="binding_view_types">list,form</field>
    <field name="context">{}</field>
    <field name="domain" eval="False"/>
    <field name="filter" eval="False"/>
    <field name="groups_id" eval="[(6, 0, [])]"/>
    <field name="help"><![CDATA[<p class="o_view_nocontent_smiling_face">
                    This is your new action.
                </p>
                <p>By default, it contains a list and a form view and possibly
                    other view types depending on the options you chose for your model.
                </p>
                <p>
                    You can start customizing these screens by clicking on the Studio icon on the
                    top right corner (you can also customize this help message there).
                </p>
            ]]></field>
    <field name="limit">80</field>
    <field name="name">GivingSg Stages</field>
    <field name="res_model">givingsg_stage</field>
    <field name="search_view_id" eval="False"/>
    <field name="target">current</field>
    <field name="type">ir.actions.act_window</field>
    <field name="usage" eval="False"/>
    <field name="view_id" eval="False"/>
    <field name="view_mode">tree,form</field>
  </record>
  <record id="donation_management.migration_import_d5b1afde-39f2-483d-97fe-a2a28d68ea43" model="ir.actions.act_window" >
    <field name="binding_model_id" eval="False"/>
    <field name="binding_type">action</field>
    <field name="binding_view_types">list,form</field>
    <field name="context">{}</field>
    <field name="domain" eval="False"/>
    <field name="filter" eval="False"/>
    <field name="groups_id" eval="[(6, 0, [])]"/>
    <field name="help"><![CDATA[<p class="o_view_nocontent_smiling_face">
                    This is your new action.
                </p>
                <p>By default, it contains a list and a form view and possibly
                    other view types depending on the options you chose for your model.
                </p>
                <p>
                    You can start customizing these screens by clicking on the Studio icon on the
                    top right corner (you can also customize this help message there).
                </p>
            ]]></field>
    <field name="limit">80</field>
    <field name="name">Migration Import</field>
    <field name="res_model">migration_import</field>
    <field name="search_view_id" eval="False"/>
    <field name="target">current</field>
    <field name="type">ir.actions.act_window</field>
    <field name="usage" eval="False"/>
    <field name="view_id" eval="False"/>
    <field name="view_mode">tree,kanban,form</field>
  </record>
  <record id="donation_management.migration_import_sta_2c966938-97e6-4708-9913-01c1602ccc86" model="ir.actions.act_window" >
    <field name="binding_model_id" eval="False"/>
    <field name="binding_type">action</field>
    <field name="binding_view_types">list,form</field>
    <field name="context">{}</field>
    <field name="domain" eval="False"/>
    <field name="filter" eval="False"/>
    <field name="groups_id" eval="[(6, 0, [])]"/>
    <field name="help"><![CDATA[<p class="o_view_nocontent_smiling_face">
                    This is your new action.
                </p>
                <p>By default, it contains a list and a form view and possibly
                    other view types depending on the options you chose for your model.
                </p>
                <p>
                    You can start customizing these screens by clicking on the Studio icon on the
                    top right corner (you can also customize this help message there).
                </p>
            ]]></field>
    <field name="limit">80</field>
    <field name="name">Migration Import Stages</field>
    <field name="res_model">migration_import_stage</field>
    <field name="search_view_id" eval="False"/>
    <field name="target">current</field>
    <field name="type">ir.actions.act_window</field>
    <field name="usage" eval="False"/>
    <field name="view_id" eval="False"/>
    <field name="view_mode">tree,form</field>
  </record>

  <record id="donation_management.qbo_class_code_f859a19b-403f-48b4-bd1e-f09af62e18f8" model="ir.actions.act_window" >
    <field name="binding_model_id" eval="False"/>
    <field name="binding_type">action</field>
    <field name="binding_view_types">list,form</field>
    <field name="context">{}</field>
    <field name="domain" eval="False"/>
    <field name="filter" eval="False"/>
    <field name="groups_id" eval="[(6, 0, [])]"/>
    <field name="help"><![CDATA[<p class="o_view_nocontent_smiling_face">
                    This is your new action.
                </p>
                <p>By default, it contains a list and a form view and possibly
                    other view types depending on the options you chose for your model.
                </p>
                <p>
                    You can start customizing these screens by clicking on the Studio icon on the
                    top right corner (you can also customize this help message there).
                </p>
            ]]></field>
    <field name="limit">80</field>
    <field name="name">QBO Class Code</field>
    <field name="res_model">qbo_class_code</field>
    <field name="search_view_id" eval="False"/>
    <field name="target">current</field>
    <field name="type">ir.actions.act_window</field>
    <field name="usage" eval="False"/>
    <field name="view_id" eval="False"/>
    <field name="view_mode">tree,form</field>
  </record>
  <record id="donation_management.receipt_0f08ad7a-e842-4b7b-9365-dc7bfdc305e9" model="ir.actions.act_window" >
    <field name="binding_model_id" eval="False"/>
    <field name="binding_type">action</field>
    <field name="binding_view_types">list,form</field>
    <field name="context">{}</field>
    <field name="domain" eval="False"/>
    <field name="filter" eval="False"/>
    <field name="groups_id" eval="[(6, 0, [])]"/>
    <field name="help"><![CDATA[<p class="o_view_nocontent_smiling_face">
                    This is your new action.
                </p>
                <p>By default, it contains a list and a form view and possibly
                    other view types depending on the options you chose for your model.
                </p>
                <p>
                    You can start customizing these screens by clicking on the Studio icon on the
                    top right corner (you can also customize this help message there).
                </p>
            ]]></field>
    <field name="limit">80</field>
    <field name="name">Receipt</field>
    <field name="res_model">receipt</field>
    <field name="search_view_id" eval="False"/>
    <field name="target">current</field>
    <field name="type">ir.actions.act_window</field>
    <field name="usage" eval="False"/>
    <field name="view_id" eval="False"/>
    <field name="view_mode">tree,form</field>
  </record>
  <record id="donation_management.receipts_cdb23b92-1a27-4dee-b347-c77ed7a02dc7" model="ir.actions.act_window" >
    <field name="binding_model_id" eval="False"/>
    <field name="binding_type">action</field>
    <field name="binding_view_types">list,form</field>
    <field name="context">{'search_default_donor': active_id,'default_donor': active_id}</field>
    <field name="domain">[('donor', '=', active_id)]</field>
    <field name="filter" eval="False"/>
    <field name="groups_id" eval="[(6, 0, [])]"/>
    <field name="help" eval="False"/>
    <field name="limit">80</field>
    <field name="name">Receipts</field>
    <field name="res_model">receipt</field>
    <field name="search_view_id" eval="False"/>
    <field name="target">current</field>
    <field name="type">ir.actions.act_window</field>
    <field name="usage" eval="False"/>
    <field name="view_id" eval="False"/>
    <field name="view_mode">tree,form</field>
  </record>
  <record id="donation_management.salutations_881d5198-e349-4dfc-9f99-9eff86027e17" model="ir.actions.act_window" >
    <field name="binding_model_id" eval="False"/>
    <field name="binding_type">action</field>
    <field name="binding_view_types">list,form</field>
    <field name="context">{}</field>
    <field name="domain" eval="False"/>
    <field name="filter" eval="False"/>
    <field name="groups_id" eval="[(6, 0, [])]"/>
    <field name="help"><![CDATA[<p class="o_view_nocontent_smiling_face">
                    This is your new action.
                </p>
                <p>By default, it contains a list and a form view and possibly
                    other view types depending on the options you chose for your model.
                </p>
                <p>
                    You can start customizing these screens by clicking on the Studio icon on the
                    top right corner (you can also customize this help message there).
                </p>
            ]]></field>
    <field name="limit">80</field>
    <field name="name">Salutations</field>
    <field name="res_model">salutation</field>
    <field name="search_view_id" eval="False"/>
    <field name="target">current</field>
    <field name="type">ir.actions.act_window</field>
    <field name="usage" eval="False"/>
    <field name="view_id" eval="False"/>
    <field name="view_mode">tree,form</field>
  </record>
  <record id="donation_management.donation_tag1_766f4d82-b337-4ed2-a959-1b54ce19f91f" model="ir.actions.act_window" >
    <field name="binding_model_id" eval="False"/>
    <field name="binding_type">action</field>
    <field name="binding_view_types">list,form</field>
    <field name="context">{}</field>
    <field name="domain" eval="False"/>
    <field name="filter" eval="False"/>
    <field name="groups_id" eval="[(6, 0, [])]"/>
    <field name="help"><![CDATA[<p class="o_view_nocontent_smiling_face">
                    This is your new action.
                </p>
                <p>By default, it contains a list and a form view and possibly
                    other view types depending on the options you chose for your model.
                </p>
                <p>
                    You can start customizing these screens by clicking on the Studio icon on the
                    top right corner (you can also customize this help message there).
                </p>
            ]]></field>
    <field name="limit">80</field>
    <field name="name">Donation Tag1</field>
    <field name="res_model">donation_tag1</field>
    <field name="search_view_id" eval="False"/>
    <field name="target">current</field>
    <field name="type">ir.actions.act_window</field>
    <field name="usage" eval="False"/>
    <field name="view_id" eval="False"/>
    <field name="view_mode">tree,form</field>
  </record>
  <record id="donation_management.donation_tag2_157cd3e8-d1b6-43d8-9320-2a1351ae1bd1" model="ir.actions.act_window" >
    <field name="binding_model_id" eval="False"/>
    <field name="binding_type">action</field>
    <field name="binding_view_types">list,form</field>
    <field name="context">{}</field>
    <field name="domain" eval="False"/>
    <field name="filter" eval="False"/>
    <field name="groups_id" eval="[(6, 0, [])]"/>
    <field name="help"><![CDATA[<p class="o_view_nocontent_smiling_face">
                    This is your new action.
                </p>
                <p>By default, it contains a list and a form view and possibly
                    other view types depending on the options you chose for your model.
                </p>
                <p>
                    You can start customizing these screens by clicking on the Studio icon on the
                    top right corner (you can also customize this help message there).
                </p>
            ]]></field>
    <field name="limit">80</field>
    <field name="name">Donation Tag2</field>
    <field name="res_model">donation_tag2</field>
    <field name="search_view_id" eval="False"/>
    <field name="target">current</field>
    <field name="type">ir.actions.act_window</field>
    <field name="usage" eval="False"/>
    <field name="view_id" eval="False"/>
    <field name="view_mode">tree,form</field>
  </record>
  <record id="donation_management.donation_tag3_fa309147-e334-462a-8710-87f25ac9fc4c" model="ir.actions.act_window" >
    <field name="binding_model_id" eval="False"/>
    <field name="binding_type">action</field>
    <field name="binding_view_types">list,form</field>
    <field name="context">{}</field>
    <field name="domain" eval="False"/>
    <field name="filter" eval="False"/>
    <field name="groups_id" eval="[(6, 0, [])]"/>
    <field name="help"><![CDATA[<p class="o_view_nocontent_smiling_face">
                    This is your new action.
                </p>
                <p>By default, it contains a list and a form view and possibly
                    other view types depending on the options you chose for your model.
                </p>
                <p>
                    You can start customizing these screens by clicking on the Studio icon on the
                    top right corner (you can also customize this help message there).
                </p>
            ]]></field>
    <field name="limit">80</field>
    <field name="name">Donation Tag3</field>
    <field name="res_model">donation_tag3</field>
    <field name="search_view_id" eval="False"/>
    <field name="target">current</field>
    <field name="type">ir.actions.act_window</field>
    <field name="usage" eval="False"/>
    <field name="view_id" eval="False"/>
    <field name="view_mode">tree,form</field>
  </record>

  <record id="donation_management.action_set_report" model="ir.actions.act_window" >
    <field name="binding_model_id" eval="False"/>
    <field name="binding_type">action</field>
    <field name="binding_view_types">form</field>
    <field name="context">{}</field>
    <field name="domain" eval="False"/>
    <field name="filter" eval="False"/>
    <field name="groups_id" eval="[(6, 0, [])]"/>
    <field name="help"><![CDATA[<p class="o_view_nocontent_smiling_face">
                    This is your new action.
                </p>
                <p>By default, it contains a list and a form view and possibly
                    other view types depending on the options you chose for your model.
                </p>
                <p>
                    You can start customizing these screens by clicking on the Studio icon on the
                    top right corner (you can also customize this help message there).
                </p>
            ]]></field>
    <field name="limit">80</field>
    <field name="name">PBI REPORT</field>
    <field name="res_model">pbi.report</field>
    <field name="res_id">1</field>
    <field name="search_view_id" eval="False"/>
    <field name="target">current</field>
    <field name="type">ir.actions.act_window</field>
    <field name="usage" eval="False"/>
    <field name="view_id" ref="donation_management.pbi_report_set_form"/>
    <field name="view_mode">form</field>
  </record>
  <record id="donation_management.action_get_report" model="ir.actions.act_window" >
    <field name="binding_model_id" eval="False"/>
    <field name="binding_type">action</field>
    <field name="binding_view_types">form</field>
    <field name="context">{}</field>
    <field name="domain" eval="False"/>
    <field name="filter" eval="False"/>
    <field name="groups_id" eval="[(6, 0, [])]"/>
    <field name="help"><![CDATA[<p class="o_view_nocontent_smiling_face">
                    This is your new action.
                </p>
                <p>By default, it contains a list and a form view and possibly
                    other view types depending on the options you chose for your model.
                </p>
                <p>
                    You can start customizing these screens by clicking on the Studio icon on the
                    top right corner (you can also customize this help message there).
                </p>
            ]]></field>
    <field name="limit">80</field>
    <field name="name">PBI REPORT</field>
    <field name="res_model">pbi.report</field>
    <field name="res_id">1</field>
    <field name="search_view_id" eval="False"/>
    <field name="target">current</field>
    <field name="type">ir.actions.act_window</field>
    <field name="usage" eval="False"/>
    <field name="view_id" ref="donation_management.pbi_report_get_form"/>
    <field name="view_mode">form</field>
  </record>
  <record id="donation_management.give_asia_d836211e-8dfd-4374-a0ef-b7b2ed069a38" model="ir.actions.act_window">
    <field name="binding_model_id" eval="False"/>
    <field name="binding_type">action</field>
    <field name="binding_view_types">list,form</field>
    <field name="context">{}</field>
    <field name="domain" eval="False"/>
    <field name="filter" eval="False"/>
    <field name="groups_id" eval="[(6, 0, [])]"/>
    <field name="help"><![CDATA[<p class="o_view_nocontent_smiling_face">
                    This is your new action.
                </p>
                <p>By default, it contains a list and a form view and possibly
                    other view types depending on the options you chose for your model.
                </p>
                <p>
                    You can start customizing these screens by clicking on the Studio icon on the
                    top right corner (you can also customize this help message there).
                </p>
            ]]></field>
    <field name="limit">80</field>
    <field name="name">GIVE.asia</field>
    <field name="res_model">give.asia</field>
    <field name="search_view_id" eval="False"/>
    <field name="target">current</field>
    <field name="type">ir.actions.act_window</field>
    <field name="usage" eval="False"/>
    <field name="view_id" eval="False"/>
    <field name="view_mode">tree,form,pivot</field>
  </record>

  <record id="donation_management.action_iras_transaction" model="ir.actions.act_window">
    <field name="binding_model_id" eval="False"/>
    <field name="binding_type">action</field>
    <field name="binding_view_types">list,form</field>
    <field name="context">{}</field>
    <field name="domain" eval="False"/>
    <field name="filter" eval="False"/>
    <field name="groups_id" eval="[(6, 0, [])]"/>
    <field name="help"><![CDATA[<p class="o_view_nocontent_smiling_face">
                    This is your new action.
                </p>
                <p>By default, it contains a list and a form view and possibly
                    other view types depending on the options you chose for your model.
                </p>
                <p>
                    You can start customizing these screens by clicking on the Studio icon on the
                    top right corner (you can also customize this help message there).
                </p>
            ]]></field>
    <field name="limit">80</field>
    <field name="name">IRAS Transactions</field>
    <field name="res_model">iras.transaction</field>
    <field name="search_view_id" eval="False"/>
    <field name="target">current</field>
    <field name="type">ir.actions.act_window</field>
    <field name="usage" eval="False"/>
    <field name="view_id" eval="False"/>
    <field name="view_mode">tree,form</field>
  </record>
  <record id="donation_management.action_program" model="ir.actions.act_window">
    <field name="binding_model_id" eval="False"/>
    <field name="binding_type">action</field>
    <field name="binding_view_types">list,form</field>
    <field name="context">{}</field>
    <field name="domain" eval="False"/>
    <field name="filter" eval="False"/>
    <field name="groups_id" eval="[(6, 0, [])]"/>
    <field name="help"><![CDATA[<p class="o_view_nocontent_smiling_face">
                    This is your new action.
                </p>
                <p>By default, it contains a list and a form view and possibly
                    other view types depending on the options you chose for your model.
                </p>
                <p>
                    You can start customizing these screens by clicking on the Studio icon on the
                    top right corner (you can also customize this help message there).
                </p>
            ]]></field>
    <field name="limit">80</field>
    <field name="name">Program</field>
    <field name="res_model">program</field>
    <field name="search_view_id" eval="False"/>
    <field name="target">current</field>
    <field name="type">ir.actions.act_window</field>
    <field name="usage" eval="False"/>
    <field name="view_id" eval="False"/>
    <field name="view_mode">tree,form</field>
  </record>

  <record id="donation_management.action_event" model="ir.actions.act_window">
    <field name="binding_model_id" eval="False"/>
    <field name="binding_type">action</field>
    <field name="binding_view_types">list,form</field>
    <field name="context">{}</field>
    <field name="domain" eval="False"/>
    <field name="filter" eval="False"/>
    <field name="groups_id" eval="[(6, 0, [])]"/>
    <field name="help"><![CDATA[<p class="o_view_nocontent_smiling_face">
                    This is your new action.
                </p>
                <p>By default, it contains a list and a form view and possibly
                    other view types depending on the options you chose for your model.
                </p>
                <p>
                    You can start customizing these screens by clicking on the Studio icon on the
                    top right corner (you can also customize this help message there).
                </p>
            ]]></field>
    <field name="limit">80</field>
    <field name="name">Event</field>
    <field name="res_model">event</field>
    <field name="search_view_id" eval="False"/>
    <field name="target">current</field>
    <field name="type">ir.actions.act_window</field>
    <field name="usage" eval="False"/>
    <field name="view_id" eval="False"/>
    <field name="view_mode">tree,form</field>
  </record>

  <record id="donation_management.action_donor_level" model="ir.actions.act_window">
    <field name="binding_model_id" eval="False"/>
    <field name="binding_type">action</field>
    <field name="binding_view_types">list,form</field>
    <field name="context">{}</field>
    <field name="domain" eval="False"/>
    <field name="filter" eval="False"/>
    <field name="groups_id" eval="[(6, 0, [])]"/>
    <field name="help"><![CDATA[<p class="o_view_nocontent_smiling_face">
                    This is your new action.
                </p>
                <p>By default, it contains a list and a form view and possibly
                    other view types depending on the options you chose for your model.
                </p>
                <p>
                    You can start customizing these screens by clicking on the Studio icon on the
                    top right corner (you can also customize this help message there).
                </p>
            ]]></field>
    <field name="limit">80</field>
    <field name="name">Donor Tier</field>
    <field name="res_model">donor.level</field>
    <field name="search_view_id" eval="False"/>
    <field name="target">current</field>
    <field name="type">ir.actions.act_window</field>
    <field name="usage" eval="False"/>
    <field name="view_id" eval="False"/>
    <field name="view_mode">tree,form</field>
  </record>
  <record id="action_partner_title_contact" model="ir.actions.act_window">
            <field name="name">Donor Titles</field>
            <field name="type">ir.actions.act_window</field>
            <field name="res_model">res.partner.title</field>
            <field name="domain">[]</field>
            <field name="context">{}</field>
            <field name="help">Manage the contact titles you want to have available in your system and the way you want to print them in letters and other documents. Some example: Mr., Mrs. </field>
        </record>
<record id="donation_management.action_gift" model="ir.actions.act_window">
    <field name="binding_model_id" eval="False"/>
    <field name="binding_type">action</field>
    <field name="binding_view_types">list,form</field>
    <field name="context">{}</field>
    <field name="domain" eval="False"/>
    <field name="filter" eval="False"/>
    <field name="groups_id" eval="[(6, 0, [])]"/>
    <field name="help"><![CDATA[<p class="o_view_nocontent_smiling_face">
                    This is your new action.
                </p>
                <p>By default, it contains a list and a form view and possibly
                    other view types depending on the options you chose for your model.
                </p>
                <p>
                    You can start customizing these screens by clicking on the Studio icon on the
                    top right corner (you can also customize this help message there).
                </p>
            ]]></field>
    <field name="limit">80</field>
    <field name="name">Gift</field>
    <field name="res_model">gift</field>
    <field name="search_view_id" eval="False"/>
    <field name="target">current</field>
    <field name="type">ir.actions.act_window</field>
    <field name="usage" eval="False"/>
    <field name="view_id" eval="False"/>
    <field name="view_mode">tree,form</field>
  </record>
  <record id="donation_management.action_donor_gift" model="ir.actions.act_window">
    <field name="binding_model_id" eval="False"/>
    <field name="binding_type">action</field>
    <field name="binding_view_types">list,form</field>
    <field name="context">{}</field>
    <field name="domain" eval="False"/>
    <field name="filter" eval="False"/>
    <field name="groups_id" eval="[(6, 0, [])]"/>
    <field name="help"><![CDATA[<p class="o_view_nocontent_smiling_face">
                    This is your new action.
                </p>
                <p>By default, it contains a list and a form view and possibly
                    other view types depending on the options you chose for your model.
                </p>
                <p>
                    You can start customizing these screens by clicking on the Studio icon on the
                    top right corner (you can also customize this help message there).
                </p>
            ]]></field>
    <field name="limit">80</field>
    <field name="name">Donor Gift</field>
    <field name="res_model">donor.gift</field>
    <field name="search_view_id" eval="False"/>
    <field name="target">current</field>
    <field name="type">ir.actions.act_window</field>
    <field name="usage" eval="False"/>
    <field name="view_id" eval="False"/>
    <field name="view_mode">tree,form</field>
  </record>
  <record id="donation_management.action_version" model="ir.actions.act_window">
    <field name="binding_model_id" eval="False"/>
    <field name="binding_type">action</field>
    <field name="binding_view_types">form</field>
    <field name="context">{}</field>
    <field name="domain" eval="False"/>
    <field name="filter" eval="False"/>
    <field name="groups_id" eval="[(6, 0, [])]"/>
    <field name="help"><![CDATA[<p class="o_view_nocontent_smiling_face">
                    This is your new action.
                </p>
                <p>By default, it contains a list and a form view and possibly
                    other view types depending on the options you chose for your model.
                </p>
                <p>
                    You can start customizing these screens by clicking on the Studio icon on the
                    top right corner (you can also customize this help message there).
                </p>
            ]]></field>
    <field name="limit">80</field>
    <field name="name">Version</field>
    <field name="res_model">version</field>
    <field name="res_id">1</field>
    <field name="search_view_id" eval="False"/>
    <field name="target">current</field>
    <field name="type">ir.actions.act_window</field>
    <field name="usage" eval="False"/>
    <field name="view_id" eval="False"/>
    <field name="view_mode">form</field>
  </record>
</odoo>
