<?xml version='1.0' encoding='UTF-8'?>
<odoo>
    <record id="donation_management.donation_b60e4a78-0d3f-4261-8f86-c90e42a078ec" model="ir.ui.menu">
        <field name="action" eval="False"/>
        <field name="active" eval="True"/>
        <field name="groups_id" eval="[(6, 0, [])]"/>
        <field name="name">Donation</field>
        <field name="parent_id" eval="False"/>
        <field name="sequence">9</field>
        <field name="web_icon">donation_management,static/description/icon.png</field>
    </record>
    <record id="donation_management.donation_import_03a9e4e6-5b52-46d9-9d00-245e439f79e8" model="ir.ui.menu">
        <field name="action" ref="base.action_open_website"/>
        <field name="active" eval="True"/>
        <field name="groups_id" eval="[(6, 0, [])]"/>
        <field name="name">Import/Export</field>
        <field name="parent_id" ref="donation_management.donation_b60e4a78-0d3f-4261-8f86-c90e42a078ec"/>
        <field name="sequence">3</field>
        <field name="web_icon" eval="False"/>
    </record>
    <!--  <record id="donation_management.reports_menu" model="ir.ui.menu" >-->
    <!--    <field name="action" ref="donation_management.action_get_report"/>-->
    <!--    <field name="active" eval="True"/>-->
    <!--    <field name="groups_id" eval="[(6, 0, [])]"/>-->
    <!--    <field name="name">Report</field>-->
    <!--    <field name="parent_id" ref="donation_management.donation_b60e4a78-0d3f-4261-8f86-c90e42a078ec"/>-->
    <!--    <field name="sequence">4</field>-->
    <!--    <field name="web_icon" eval="False"/>-->
    <!--  </record>-->


    <record id="donation_management.donation_export_959a05a4-ffdf-49b8-a8c9-bb6f6758b72e" model="ir.ui.menu">
        <field name="action" ref="base.action_open_website"/>
        <field name="active" eval="True"/>
        <field name="groups_id" eval="[(6, 0, [])]"/>
        <field name="name">Export</field>
        <field name="parent_id" ref="donation_management.donation_import_03a9e4e6-5b52-46d9-9d00-245e439f79e8"/>
        <field name="sequence">1</field>
        <field name="web_icon" eval="False"/>
    </record>
    <!--    <record id="donation_management.donation_accounting__ce6095b8-760f-495a-8b23-f7911dd6ce05" model="ir.ui.menu">-->
    <!--        <field name="action" ref="base.action_open_website"/>-->
    <!--        <field name="active" eval="True"/>-->
    <!--        <field name="groups_id" eval="[(6, 0, [])]"/>-->
    <!--        <field name="name">Accounting System</field>-->
    <!--        <field name="parent_id" ref="donation_management.donation_export_959a05a4-ffdf-49b8-a8c9-bb6f6758b72e"/>-->
    <!--        <field name="sequence">1</field>-->
    <!--        <field name="web_icon" eval="False"/>-->
    <!--    </record>-->
    <record id="donation_management.donation_configurati_26b1933d-2f1d-4f51-90f0-c0759a8ba01a" model="ir.ui.menu">
        <field name="action" eval="False"/>
        <field name="active" eval="True"/>
        <field name="groups_id" eval="[(6, 0, [])]"/>
        <field name="name">Configuration</field>
        <field name="parent_id" ref="donation_management.donation_b60e4a78-0d3f-4261-8f86-c90e42a078ec"/>
        <field name="sequence">1000</field>
        <field name="web_icon" eval="False"/>
    </record>
    <record id="donation_management.dashboard" model="ir.ui.menu">
        <field name="active" eval="True"/>
        <field name="groups_id" eval="[(6, 0, [])]"/>
        <field name="name">Dashboards</field>
        <field name="parent_id" ref="donation_management.donation_b60e4a78-0d3f-4261-8f86-c90e42a078ec"/>
        <field name="sequence">999</field>
        <field name="web_icon" eval="False"/>
    </record>
    <record id="donation_management.misc" model="ir.ui.menu">
        <field name="active" eval="True"/>
        <field name="groups_id" eval="[(6, 0, [])]"/>
        <field name="name">Misc</field>
        <field name="parent_id" ref="donation_management.donation_b60e4a78-0d3f-4261-8f86-c90e42a078ec"/>
        <field name="sequence">999</field>
        <field name="web_icon" eval="False"/>
    </record>
    <record id="donation_management.donation_book_keepin_f06c9643-f04e-4ce2-b904-a5bf86cb0ba8" model="ir.ui.menu">
        <field name="action" ref="donation_management.book_keeping_account_31ba37f1-45e2-480f-af8f-983672bd37ad"/>
        <field name="active" eval="True"/>
        <field name="groups_id" eval="[(6, 0, [])]"/>
        <field name="name">Book-Keeping Account</field>
        <field name="parent_id" ref="donation_management.donation_configurati_26b1933d-2f1d-4f51-90f0-c0759a8ba01a"/>
        <field name="sequence">5</field>
        <field name="web_icon" eval="False"/>
    </record>
    <record id="donation_management.donation_technical_962917bc-d95b-46c0-91df-9831759165f8" model="ir.ui.menu">
        <field name="action" ref="base.action_open_website"/>
        <field name="active" eval="True"/>
        <field name="groups_id" eval="[(4, ref('group_donation_manager'))]"/>
        <field name="name">Technical</field>
        <field name="parent_id" ref="donation_management.donation_configurati_26b1933d-2f1d-4f51-90f0-c0759a8ba01a"/>
        <field name="sequence">25</field>
        <field name="web_icon" eval="False"/>
    </record>
    <record id="donation_management.donation_configurati_36270018-4ab8-4422-9452-5a6ee8802faa" model="ir.ui.menu">
        <field name="action" ref="donation_management.givingsg_stages_8d5ff2d1-0543-4ed7-aa62-b7f6289ebb49"/>
        <field name="active" eval="True"/>
        <field name="groups_id" eval="[(6, 0, [])]"/>
        <field name="name">Giving.Sg Stages</field>
        <field name="parent_id" ref="donation_management.donation_technical_962917bc-d95b-46c0-91df-9831759165f8"/>
        <field name="sequence">4</field>
        <field name="web_icon" eval="False"/>
    </record>
    <record id="donation_management.donation_configurati_853f21cd-a1a2-4339-9582-5c1065ed89b1" model="ir.ui.menu">
        <field name="action" ref="donation_management.migration_import_sta_2c966938-97e6-4708-9913-01c1602ccc86"/>
        <field name="active" eval="True"/>
        <field name="groups_id" eval="[(6, 0, [])]"/>
        <field name="name">Migration Import Stages</field>
        <field name="parent_id" ref="donation_management.donation_technical_962917bc-d95b-46c0-91df-9831759165f8"/>
        <field name="sequence">7</field>
        <field name="web_icon" eval="False"/>
    </record>
    <record id="donation_management.donation_donation_4ea4853f-86f5-43f6-b2bc-6cd87fc0a4c3" model="ir.ui.menu">
        <field name="action" ref="donation_management.donation_82af86a7-b882-47fd-a49e-8f00fae21453"/>
        <field name="active" eval="True"/>
        <field name="groups_id" eval="[(6, 0, [])]"/>
        <field name="name">Donation</field>
        <field name="parent_id" ref="donation_management.donation_b60e4a78-0d3f-4261-8f86-c90e42a078ec"/>
        <field name="sequence">1</field>
        <field name="web_icon" eval="False"/>
    </record>
    <record id="donation_management.donation_donation_ch_5852c30d-2500-45dc-a7ab-34aa14e03179" model="ir.ui.menu">
        <field name="action" ref="donation_management.donation_channel_8bcd4423-29eb-4e2a-95bb-2a93b8eb4cc5"/>
        <field name="active" eval="True"/>
        <field name="groups_id" eval="[(6, 0, [])]"/>
        <field name="name">Donation Channel</field>
        <field name="parent_id" ref="donation_management.donation_configurati_26b1933d-2f1d-4f51-90f0-c0759a8ba01a"/>
        <field name="sequence">2</field>
        <field name="web_icon" eval="False"/>
    </record>
    <record id="donation_management.email_template_menu" model="ir.ui.menu">
        <field name="action" ref="mail.action_email_template_tree_all"/>
        <field name="active" eval="True"/>
        <field name="groups_id" eval="[(6, 0, [])]"/>
        <field name="name">Email Templates</field>
        <field name="parent_id" ref="donation_management.donation_technical_962917bc-d95b-46c0-91df-9831759165f8"/>
        <field name="sequence">4</field>
        <field name="web_icon" eval="False"/>
    </record>
    <record id="donation_management.donation_donation_ty_e151ead3-4dd7-48ce-8060-bfba8bf8df0b" model="ir.ui.menu">
        <field name="action" ref="donation_management.donation_type_e1ade6bd-f0ca-4a30-bb4c-9bc075671929"/>
        <field name="active" eval="True"/>
        <field name="groups_id" eval="[(6, 0, [])]"/>
        <field name="name">Donation Type</field>
        <field name="parent_id" ref="donation_management.donation_configurati_26b1933d-2f1d-4f51-90f0-c0759a8ba01a"/>
        <field name="sequence">1</field>
        <field name="web_icon" eval="False"/>
    </record>
    <record id="donation_management.iras_transaction_menu" model="ir.ui.menu">
        <field name="action" ref="donation_management.action_iras_transaction"/>
        <field name="active" eval="False"/>
        <field name="groups_id" eval="[(6, 0, [])]"/>
        <field name="name">IRAS Transactions</field>
        <field name="parent_id" ref="donation_management.donation_configurati_26b1933d-2f1d-4f51-90f0-c0759a8ba01a"/>
        <field name="sequence">1</field>
        <field name="web_icon" eval="False"/>
    </record>
    <record id="donation_management.donation_donor_ece32d8d-a630-406a-8e90-44fef36d60cd" model="ir.ui.menu">
        <field name="action" ref="donation_management.donor_216d8471-34bb-4a50-88d1-ad76a60646d0"/>
        <field name="active" eval="True"/>
        <field name="groups_id" eval="[(6, 0, [])]"/>
        <field name="name">Donor</field>
        <field name="parent_id" ref="donation_management.donation_b60e4a78-0d3f-4261-8f86-c90e42a078ec"/>
        <field name="sequence">2</field>
        <field name="web_icon" eval="False"/>
    </record>
    <record id="donation_management.donation_general_set_9e5f387d-e75d-4ad9-b862-8d64b5d5298d" model="ir.ui.menu">
        <field name="action" ref="donation_management.general_settings_2d1c9e0c-c172-484c-9c13-e1818816d1f1"/>
        <field name="active" eval="True"/>
        <field name="groups_id" eval="[(6, 0, [])]"/>
        <field name="name">General Settings</field>
        <field name="parent_id" ref="donation_management.donation_configurati_26b1933d-2f1d-4f51-90f0-c0759a8ba01a"/>
        <field name="sequence" eval="False"/>
        <field name="web_icon" eval="False"/>
    </record>
    <record id="donation_management.donation_import_258fbedc-8beb-4e9d-8ae4-49812aab2af9" model="ir.ui.menu">
        <field name="action" ref="base.action_open_website"/>
        <field name="active" eval="True"/>
        <field name="groups_id" eval="[(6, 0, [])]"/>
        <field name="name">Import</field>
        <field name="parent_id" ref="donation_management.donation_import_03a9e4e6-5b52-46d9-9d00-245e439f79e8"/>
        <field name="sequence" eval="False"/>
        <field name="web_icon" eval="False"/>
    </record>
    <record id="donation_management.donation_givingsg_f853b560-6b18-4a89-8175-3f78999ab40e" model="ir.ui.menu">
        <field name="action" ref="donation_management.givingsg_3ef5f614-90c7-464a-9f03-df2f4f79757f"/>
        <field name="active" eval="True"/>
        <field name="groups_id" eval="[(6, 0, [])]"/>
        <field name="name">GivingSg Import</field>
        <field name="parent_id" ref="donation_management.donation_import_258fbedc-8beb-4e9d-8ae4-49812aab2af9"/>
        <field name="sequence">1</field>
        <field name="web_icon" eval="False"/>
    </record>
    <record id="donation_management.donation_iras_export_c093e9ec-1dfb-42a3-870f-4463e8db22b2" model="ir.ui.menu">
        <field name="action" ref="action_iras_export"/>
        <field name="active" eval="False"/>
        <field name="groups_id" eval="[(6, 0, [])]"/>
        <field name="name">IRAS Export</field>
        <field name="parent_id" ref="donation_management.donation_export_959a05a4-ffdf-49b8-a8c9-bb6f6758b72e"/>
        <field name="sequence" eval="False"/>
        <field name="web_icon" eval="False"/>
    </record>
    <record id="donation_management.iras_submit_menu" model="ir.ui.menu">
        <field name="action" ref="action_iras_submit"/>
        <field name="active" eval="False"/>
        <field name="groups_id" eval="[(6, 0, [])]"/>
        <field name="name">IRAS Submit</field>
        <field name="parent_id" ref="donation_management.donation_export_959a05a4-ffdf-49b8-a8c9-bb6f6758b72e"/>
        <field name="sequence" eval="False"/>
        <field name="web_icon" eval="False"/>
    </record>
    <record id="donation_management.donation_migration_i_eca8c6cb-2ff4-451e-aaec-49da9b2502ee" model="ir.ui.menu">
        <field name="action" ref="donation_management.migration_import_d5b1afde-39f2-483d-97fe-a2a28d68ea43"/>
        <field name="active" eval="True"/>
        <field name="groups_id" eval="[(6, 0, [])]"/>
        <field name="name">Migration Import</field>
        <field name="parent_id" ref="donation_management.donation_import_258fbedc-8beb-4e9d-8ae4-49812aab2af9"/>
        <field name="sequence" eval="False"/>
        <field name="web_icon" eval="False"/>
    </record>
    <record id="donation_management.donation_qbo_class_c_c12d995d-da8b-4462-95ab-b448e73c04dc" model="ir.ui.menu">
        <field name="action" ref="donation_management.qbo_class_code_f859a19b-403f-48b4-bd1e-f09af62e18f8"/>
        <field name="active" eval="True"/>
        <field name="groups_id" eval="[(6, 0, [])]"/>
        <field name="name">QBO Class Code</field>
        <field name="parent_id" ref="donation_management.donation_configurati_26b1933d-2f1d-4f51-90f0-c0759a8ba01a"/>
        <field name="sequence">6</field>
        <field name="web_icon" eval="False"/>
    </record>
    <record id="donation_management.donation_receipt_15e4d0b7-2723-4f4c-b13a-12c3a4a2672c" model="ir.ui.menu">
        <field name="action" ref="donation_management.receipt_0f08ad7a-e842-4b7b-9365-dc7bfdc305e9"/>
        <field name="active" eval="True"/>
        <field name="groups_id" eval="[(6, 0, [])]"/>
        <field name="name">Receipt</field>
        <field name="parent_id" ref="donation_management.misc"/>
        <field name="sequence">2</field>
        <field name="web_icon" eval="False"/>
    </record>
    <record id="donation_management.donor_gift_menu" model="ir.ui.menu">
        <field name="action" ref="donation_management.action_donor_gift"/>
        <field name="active" eval="True"/>
        <field name="groups_id" eval="[(6, 0, [])]"/>
        <field name="name">Donor Gift</field>
        <field name="parent_id" ref="donation_management.misc"/>
        <field name="sequence">3</field>
        <field name="web_icon" eval="False"/>
    </record>
    <record id="donation_management.period_lock" model="ir.ui.menu">
        <field name="action" ref="donation_management.test_model_wizard_action"/>
        <field name="active" eval="True"/>
        <field name="active" eval="True"/>
        <field name="groups_id" eval="[(4, ref('group_donation_manager'))]"/>
        <!--    <field name="res_model">periodic.lock.wizard</field>-->
        <field name="name">Period Lock</field>
        <field name="parent_id" ref="donation_management.misc"/>
        <field name="sequence">4</field>
        <field name="web_icon" eval="False"/>
    </record>
    <record id="donation_management.donation_reports_3793b87c-94c6-4863-b81f-ea613a329e04" model="ir.ui.menu">
        <field name="action" ref="base.action_open_website"/>
        <field name="active" eval="False"/>
        <field name="groups_id" eval="[(6, 0, [])]"/>
        <field name="name">Reports</field>
        <field name="parent_id" ref="donation_management.donation_b60e4a78-0d3f-4261-8f86-c90e42a078ec"/>
        <field name="sequence">4</field>
        <field name="web_icon" eval="False"/>
    </record>
    <record id="donation_management.donor_title" model="ir.ui.menu">
        <field name="action" ref="donation_management.action_partner_title_contact"/>
        <field name="active" eval="True"/>
        <field name="groups_id" eval="[(6, 0, [])]"/>
        <field name="name">Donor Title</field>
        <field name="parent_id" ref="donation_management.donation_configurati_26b1933d-2f1d-4f51-90f0-c0759a8ba01a"/>
        <field name="sequence">8</field>
        <field name="web_icon" eval="False"/>
    </record>
    <record id="donation_management.donor_program" model="ir.ui.menu">
        <field name="action" ref="donation_management.action_program"/>
        <field name="active" eval="True"/>
        <field name="groups_id" eval="[(6, 0, [])]"/>
        <field name="name">Program</field>
        <field name="parent_id" ref="donation_management.donation_configurati_26b1933d-2f1d-4f51-90f0-c0759a8ba01a"/>
        <field name="sequence">8</field>
        <field name="web_icon" eval="False"/>
    </record>
    <record id="donation_management.donor_event" model="ir.ui.menu">
        <field name="action" ref="donation_management.action_event"/>
        <field name="active" eval="True"/>
        <field name="groups_id" eval="[(6, 0, [])]"/>
        <field name="name">Event</field>
        <field name="parent_id" ref="donation_management.donation_configurati_26b1933d-2f1d-4f51-90f0-c0759a8ba01a"/>
        <field name="sequence">8</field>
        <field name="web_icon" eval="False"/>
    </record>
    <record id="donation_management.donor_tier" model="ir.ui.menu">
        <field name="action" ref="donation_management.action_donor_level"/>
        <field name="active" eval="True"/>
        <field name="groups_id" eval="[(6, 0, [])]"/>
        <field name="name">Donor Tier</field>
        <field name="parent_id" ref="donation_management.donation_configurati_26b1933d-2f1d-4f51-90f0-c0759a8ba01a"/>
        <field name="sequence">7</field>
        <field name="web_icon" eval="False"/>
    </record>
    <record id="donation_management.donation_salutations_f15e0985-9412-4ff6-a31b-907c1e30a7d5" model="ir.ui.menu">
        <field name="action" ref="donation_management.salutations_881d5198-e349-4dfc-9f99-9eff86027e17"/>
        <field name="active" eval="True"/>
        <field name="groups_id" eval="[(6, 0, [])]"/>
        <field name="name">Salutations</field>
        <field name="parent_id" ref="donation_management.donation_technical_962917bc-d95b-46c0-91df-9831759165f8"/>
        <field name="sequence">8</field>
        <field name="web_icon" eval="False"/>
    </record>
    <record id="donation_management.donation_setting_519965f9-fff3-4eec-9ffb-9f95599e5f0a" model="ir.ui.menu">
        <field name="action" ref="base.action_open_website"/>
        <field name="active" eval="False"/>
        <field name="groups_id" eval="[(6, 0, [])]"/>
        <field name="name">Setting</field>
        <field name="parent_id" ref="donation_management.donation_b60e4a78-0d3f-4261-8f86-c90e42a078ec"/>
        <field name="sequence">5</field>
        <field name="web_icon" eval="False"/>
    </record>
    <record id="donation_management.donation_donation_ta_03680107-2aa2-4a44-bb46-699df6d3f5ef" model="ir.ui.menu">
        <field name="action" ref="donation_management.donation_tag2_157cd3e8-d1b6-43d8-9320-2a1351ae1bd1"/>
        <field name="active" eval="True"/>
        <field name="groups_id" eval="[(6, 0, [])]"/>
        <field name="name">Donation Tag2</field>
        <field name="parent_id" ref="donation_management.donation_configurati_26b1933d-2f1d-4f51-90f0-c0759a8ba01a"/>
        <field name="sequence">10</field>
        <field name="web_icon" eval="False"/>
    </record>
    <record id="donation_management.donation_donation_ta_9971678c-84d3-4a6d-9245-1b984f9baa34" model="ir.ui.menu">
        <field name="action" ref="donation_management.donation_tag3_fa309147-e334-462a-8710-87f25ac9fc4c"/>
        <field name="active" eval="True"/>
        <field name="groups_id" eval="[(6, 0, [])]"/>
        <field name="name">Donation Tag3</field>
        <field name="parent_id" ref="donation_management.donation_configurati_26b1933d-2f1d-4f51-90f0-c0759a8ba01a"/>
        <field name="sequence">11</field>
        <field name="web_icon" eval="False"/>
    </record>
    <record id="donation_management.gift_menu" model="ir.ui.menu">
        <field name="action" ref="donation_management.action_gift"/>
        <field name="active" eval="True"/>
        <field name="groups_id" eval="[(6, 0, [])]"/>
        <field name="name">Gift</field>
        <field name="parent_id" ref="donation_management.donation_configurati_26b1933d-2f1d-4f51-90f0-c0759a8ba01a"/>
        <field name="sequence">11</field>
        <field name="web_icon" eval="False"/>
    </record>
    <!--   <record id="donation_management.reports_set_menu" model="ir.ui.menu" >-->
    <!--    <field name="action" ref="donation_management.action_set_report"/>-->
    <!--    <field name="active" eval="True"/>-->
    <!--    <field name="groups_id" eval="[(6, 0, [])]"/>-->
    <!--    <field name="name">Set Report</field>-->
    <!--    <field name="parent_id" ref="donation_management.donation_technical_962917bc-d95b-46c0-91df-9831759165f8"/>-->
    <!--    <field name="sequence">4</field>-->
    <!--    <field name="web_icon" eval="False"/>-->
    <!--  </record>-->
    <record id="donation_management.donation_donation_ta_c3244979-ec78-4f31-9b0a-573d0ed4ee66" model="ir.ui.menu">
        <field name="action" ref="donation_management.donation_tag1_766f4d82-b337-4ed2-a959-1b54ce19f91f"/>
        <field name="active" eval="True"/>
        <field name="groups_id" eval="[(6, 0, [])]"/>
        <field name="name">Donation Tag1</field>
        <field name="parent_id" ref="donation_management.donation_configurati_26b1933d-2f1d-4f51-90f0-c0759a8ba01a"/>
        <field name="sequence">9</field>
        <field name="web_icon" eval="False"/>
    </record>
    <record id="donation_management.donation_give_asia_7e7219fd-00c1-4b7b-8a1c-1f10e9ceda9a" model="ir.ui.menu">
        <field name="action" ref="donation_management.give_asia_d836211e-8dfd-4374-a0ef-b7b2ed069a38"/>
        <field name="active" eval="True"/>
        <field name="groups_id" eval="[(6, 0, [])]"/>
        <field name="name">GIVE.asia Import</field>
        <field name="parent_id" ref="donation_management.donation_import_258fbedc-8beb-4e9d-8ae4-49812aab2af9"/>
        <field name="sequence">2</field>
        <field name="web_icon" eval="False"/>
    </record>
    <record id="crm.sales_team_menu_team_pipeline" model="ir.ui.menu">
        <field name="active" eval="False"/>
        <field name="name">Teams</field>
    </record>
    <menuitem
            id="crm.res_partner_menu_customer"
            name="Contacts"
            parent="crm.crm_menu_sales"
            action="base.action_partner_form"
            sequence="5"/>
    <menuitem
            id="crm.crm_menu_report"
            name="Reporting"
            parent="crm.crm_menu_root"
            sequence="20"
            active="False"
            groups="sales_team.group_sale_manager"/>

    <!--CRM CONFIG MENU-->

    <menuitem
            id="crm_menu_config_sales"
            name="Sales"
            parent="crm.crm_menu_config"
            sequence="25" groups="base.group_erp_manager"/>
    <menuitem
            id="crm.crm_config_settings_menu"
            name="Settings"
            parent="crm_menu_config_sales"
            groups="base.group_system"
            sequence="0"/>
    <menuitem
            id="crm.crm_team_config"
            name="Sales Teams"
            parent="crm_menu_config_sales"
            action="sales_team.sales_team_config_action"
            sequence="5"/>
    <menuitem
            id="crm.crm_menu_sales"
            name="Opportunity"
            parent="crm.crm_menu_root"
            sequence="1"/>
    <menuitem
            id="crm_iap_lead.crm_menu_lead_generation"
            name="Lead Generation"
            parent="crm_menu_config_sales"
            sequence="20"/>
    <menuitem
            id="donation_management.menu_version"
            name="Version"
            parent="donation_management.donation_technical_962917bc-d95b-46c0-91df-9831759165f8"
            action="donation_management.action_version"
            sequence="20"/>

</odoo>
