<?xml version="1.0" encoding="UTF-8" ?>

<odoo>

    <record id="donation_management.create_single_donation_receipt" model="ir.actions.server" >
    <field name="binding_model_id" eval="False"/>
    <field name="binding_type">action</field>
    <field name="binding_view_types">list,form</field>
    <field name="child_ids" eval="[(6, 0, [])]"/>
    <field name="code"><![CDATA[
    #Version Date : 12 Jan, 9am

#log(type(env.context), level='info')
#log(str(env.context), level='info')
#log(str(env), level='info')
#log("hello", level='info')

for record in records:
  if record.receipt:
    raise UserError("Please only create receipt for donation(s) without receipts!!")

#donations_with_receipts = records.filtered_domain([("receipt", "!=", None)])
#if(len(donations_with_receipts)>0):
  #raise UserError("Please only create receipt for donation(s) without receipts!!")

#Warning : only create for those without receipts, remind to make sure the TDRs are done, ok or cancelled

#Check bindings, View Types

debug_str = str(env.context) + '\n'

#env.context.update({"default_original_context_data": str(env.context)})

action_values = env['ir.actions.act_window']._for_xml_id("donation_management.create_receipt_wizard")
action_values.update({'context': {"default_original_context_data": str(env.context), 'default_receipt_date_source':'Donation Date'}})
action = action_values

#log(debug_str, level='info')
#log(str(action_values), level='info')

]]></field>
    <field name="crud_model_id" eval="False"/>
    <field name="help" eval="False"/>
    <field name="link_field_id" eval="False"/>
    <field name="model_id" ref="donation_management.model_donation"/>
    <field name="name">Create Single-Donation Receipt</field>
    <field name="sequence">5</field>
    <field name="state">code</field>
  </record>
  <record id="donation_management.create_single_donation_receipt_handle" model="ir.actions.server" >
    <field name="binding_model_id" eval="False"/>
    <field name="binding_type">action</field>
    <field name="binding_view_types">list,form</field>
    <field name="child_ids" eval="[(6, 0, [])]"/>
    <field name="code"><![CDATA[
        #log(str(env.context), level='info')


receipt_date = record.receipt_date
original_context = json.loads(record.original_context_data.replace("'", '"').replace("False", '1'))

#log(original_context.get('active_ids'), level='info')

donations = env['donation'].browse(original_context.get('active_ids'))


for donation in donations:

  if (record.receipt_date_source == 'Donation Date'):
    receipt_date = donation.donation_date

  if not bool(donation.receipt):
    receipt = env['receipt'].create({ "donor" : donation.partner_id.id,
                                        "receipt_date" : receipt_date,
                                        "is_tadeductible_receipt": donation.tdr_preference,
                                        "donations": [(4, donation.id, 0)]})[0]
    donation.write({'receipt' : receipt.id})

log(len(donations), level='info')

#log(json.dumps(record.original_context_data, separators=(",", ":")), level='info')
#log(record.original_context_data.replace("'", '"').replace("False", '1'), level='info')

]]></field>
    <field name="crud_model_id" eval="False"/>
    <field name="help" eval="False"/>
    <field name="link_field_id" eval="False"/>
    <field name="model_id" ref="donation_management.model_donation"/>
    <field name="name">Create Single-Donation Receipt: Handle</field>
    <field name="sequence">5</field>
    <field name="state">code</field>
  </record>
    <record id="donation_management.donation_receipt_form" model="ir.actions.server">
    <field name="binding_model_id" eval="False"/>
    <field name="binding_type">action</field>
    <field name="binding_view_types">list,form</field>
    <field name="child_ids" eval="[(6, 0, [])]"/>
    <field name="code"><![CDATA[

    #record.write({'receipt_sent' : True, 'receiptthank_you_letter_sent_date': datetime.date.today()})

#check if donation is part of multiple ... update other donations also..

action = {
                "type": "ir.actions.act_window",
                "name": "Send Receipt",
                "view_mode": "form",
                "res_model": "mail.compose.message",
                "target": "new",
                "context":  {  'default_model': 'donation',
                                'default_mail_post_autofollow': True,
                                'default_composition_mode': 'comment',
                                'default_use_template': True,
                                'default_res_id': record.id,
                                'default_template_id':env.ref('donation_management.send_donation_receipt').id,
                                'default_force_email': True,
                                'default_custom_layout': 'mail.mail_notification_light',
                                'o_context':env.context
                            },

            }

# 'partner_ids':[(4,record.partner_id.id)],
]]></field>
    <field name="crud_model_id" eval="False"/>
    <field name="help" eval="False"/>
    <field name="link_field_id" eval="False"/>
    <field name="model_id" ref="donation_management.model_donation"/>
    <field name="name">Send Donation Receipt - Form</field>
    <field name="sequence">5</field>
    <field name="state">code</field>
  </record>

        <record id="donation_management.donation_receipt_list" model="ir.actions.server">
    <field name="binding_model_id" eval="False"/>
    <field name="binding_type">action</field>
    <field name="binding_view_types">list</field>
    <field name="child_ids" eval="[(6, 0, [])]"/>
    <field name="code"><![CDATA[
        for rec in records:
  env.ref("donation_management.send_donation_receipt").send_mail(rec.id)
]]></field>
    <field name="crud_model_id" eval="False"/>
    <field name="help" eval="False"/>
    <field name="link_field_id" eval="False"/>
    <field name="model_id" ref="donation_management.model_donation"/>
    <field name="name">Send Donation Receipt - List</field>
    <field name="sequence">5</field>
    <field name="state">code</field>
  </record>
<!--    <record id="donation_management.send_thank_you_letter" model="ir.actions.server" >-->
<!--    <field name="binding_model_id" ref="donation_management.model_donation"/>-->
<!--    <field name="binding_type">action</field>-->
<!--    <field name="binding_view_types">list</field>-->
<!--    <field name="code"><![CDATA[-->
<!--#action_values = env['ir.actions.act_window'].search([("id", "=", "209")]).read()[0]-->
<!--#action_values.update({'context': {"default_original_context_data": str(env.context)}})-->
<!--#action = action_values-->

<!--]]></field>-->
<!--    <field name="crud_model_id" eval="False"/>-->
<!--    <field name="help" eval="False"/>-->
<!--    <field name="link_field_id" eval="False"/>-->
<!--    <field name="model_id" ref="donation_management.model_donation"/>-->
<!--    <field name="name">Send Receipt/Thank You Letter</field>-->
<!--    <field name="child_ids" eval="False"/>-->
<!--    <field name="sequence">5</field>-->
<!--    <field name="state">code</field>-->
<!--  </record>-->

</odoo>