<?xml version="1.0" encoding="UTF-8" ?>
<odoo>
<data noupdate="1">
        <record id="group_donation_user" model="res.groups">
            <field name="name">User</field>
            <field name="category_id" ref="module_donation_category" />
            <field name="implied_ids" eval="[(4, ref('base.group_user'))]" />
        </record>
        <record id="group_donation_manager" model="res.groups">
            <field name="name">Manager</field>
            <field name="category_id" ref="module_donation_category" />
            <field name="implied_ids" eval="[(4, ref('group_donation_user'))]" />
            <field
                name="users"
                eval="[(4, ref('base.user_root')), (4, ref('base.user_admin'))]"
            />
        </record>
    </data>
    </odoo>