<?xml version="1.0" encoding="utf-8"?>
<templates id="template" xml:space="preserve">
    <t t-extend="muk_web_theme.AppsBarMenu">
        <t t-jquery="div" t-operation="replace">
            <div class="mk_apps_sidebar">
                <ul class="mk_apps_sidebar_menu">
                    <t t-foreach="widget.getApps()" t-as="app">
                        <li class="nav-item">
                            <a t-attf-href="#menu_id=#{app.menuID}&amp;action_id=#{app.actionID}" t-att-data-menu-id="app.menuID" t-att-data-menu-xmlid="app.xmlID" t-att-data-action-id="app.actionID" class="nav-link" role="menuitem" data-toggle="tooltip" data-placement="top" t-att-title="app.name">
                                <img class="mk_apps_sidebar_icon" t-attf-src="data:image/png;base64,#{app.web_icon_data}"/>
                                <span class="mk_apps_sidebar_name">
                                    <t t-esc="app.name"/>
                                </span>
                            </a>
                        </li>
                    </t>
                </ul>
            </div>
        </t>
    </t>
</templates>